Index,target
66,37.47152724826194
67,37.47152724826194
68,37.47152724826194
69,37.47152724826194
70,37.47152724826194
71,37.47152724826194
72,37.47152724826194
73,37.47152724826194
74,37.47152724826194
75,37.47152724826194
76,37.47152724826194
77,37.47152724826194
141,37.47152724826194
142,37.47152724826194
143,37.47152724826194
144,37.47152724826194
217,37.47152724826194
218,37.47152724826194
219,37.47152724826194
220,37.47152724826194
221,37.47152724826194
222,37.47152724826194
223,37.47152724826194
224,37.47152724826194
225,37.47152724826194
226,37.47152724826194
227,37.47152724826194
228,37.47152724826194
229,37.47152724826194
230,37.47152724826194
231,37.47152724826194
232,37.47152724826194
233,37.47152724826194
234,37.47152724826194
235,37.47152724826194
236,37.47152724826194
237,37.47152724826194
238,37.47152724826194
239,37.47152724826194
240,37.47152724826194
241,37.47152724826194
242,37.47152724826194
243,37.47152724826194
244,37.47152724826194
423,37.47152724826194
424,37.47152724826194
425,37.47152724826194
426,37.47152724826194
427,37.47152724826194
428,37.47152724826194
429,37.47152724826194
430,37.47152724826194
431,37.47152724826194
432,37.47152724826194
433,37.47152724826194
434,37.47152724826194
447,37.47152724826194
448,37.47152724826194
449,37.47152724826194
450,37.47152724826194
519,37.47152724826194
520,37.47152724826194
521,37.47152724826194
522,37.47152724826194
554,37.47152724826194
555,37.47152724826194
556,37.47152724826194
557,37.47152724826194
558,37.47152724826194
559,37.47152724826194
560,37.47152724826194
561,37.47152724826194
562,37.47152724826194
563,37.47152724826194
585,37.47152724826194
586,37.47152724826194
587,37.47152724826194
588,37.47152724826194
589,37.47152724826194
590,37.47152724826194
591,37.47152724826194
592,37.47152724826194
593,37.47152724826194
594,37.47152724826194
595,37.47152724826194
596,37.47152724826194
606,37.47152724826194
607,37.47152724826194
608,37.47152724826194
609,37.47152724826194
610,37.47152724826194
611,37.47152724826194
612,37.47152724826194
613,37.47152724826194
614,37.47152724826194
615,37.47152724826194
616,37.47152724826194
617,37.47152724826194
618,37.47152724826194
619,37.47152724826194
620,37.47152724826194
621,37.47152724826194
622,37.47152724826194
623,37.47152724826194
624,37.47152724826194
625,37.47152724826194
626,37.47152724826194
638,37.47152724826194
639,37.47152724826194
640,37.47152724826194
641,37.47152724826194
713,37.47152724826194
714,37.47152724826194
715,37.47152724826194
716,37.47152724826194
717,37.47152724826194
718,37.47152724826194
719,37.47152724826194
720,37.47152724826194
721,37.47152724826194
722,37.47152724826194
723,37.47152724826194
724,37.47152724826194
731,37.47152724826194
732,37.47152724826194
733,37.47152724826194
734,37.47152724826194
735,37.47152724826194
736,37.47152724826194
737,37.47152724826194
738,37.47152724826194
739,37.47152724826194
740,37.47152724826194
741,37.47152724826194
742,37.47152724826194
759,37.47152724826194
760,37.47152724826194
761,37.47152724826194
762,37.47152724826194
763,37.47152724826194
770,37.47152724826194
771,37.47152724826194
772,37.47152724826194
773,37.47152724826194
774,37.47152724826194
775,37.47152724826194
776,37.47152724826194
777,37.47152724826194
778,37.47152724826194
779,37.47152724826194
780,37.47152724826194
781,37.47152724826194
782,37.47152724826194
783,37.47152724826194
784,37.47152724826194
785,37.47152724826194
786,37.47152724826194
787,37.47152724826194
788,37.47152724826194
789,37.47152724826194
790,37.47152724826194
791,37.47152724826194
792,37.47152724826194
822,37.47152724826194
823,37.47152724826194
824,37.47152724826194
825,37.47152724826194
826,37.47152724826194
839,37.47152724826194
840,37.47152724826194
841,37.47152724826194
842,37.47152724826194
843,37.47152724826194
844,37.47152724826194
845,37.47152724826194
846,37.47152724826194
847,37.47152724826194
848,37.47152724826194
849,37.47152724826194
850,37.47152724826194
911,37.47152724826194
912,37.47152724826194
913,37.47152724826194
914,37.47152724826194
915,37.47152724826194
916,37.47152724826194
917,37.47152724826194
918,37.47152724826194
919,37.47152724826194
920,37.47152724826194
921,37.47152724826194
922,37.47152724826194
944,37.47152724826194
945,37.47152724826194
946,37.47152724826194
947,37.47152724826194
948,37.47152724826194
949,37.47152724826194
959,37.47152724826194
960,37.47152724826194
961,37.47152724826194
962,37.47152724826194
963,37.47152724826194
964,37.47152724826194
965,37.47152724826194
966,37.47152724826194
967,37.47152724826194
968,37.47152724826194
969,37.47152724826194
970,37.47152724826194
1097,37.47152724826194
1098,37.47152724826194
1099,37.47152724826194
1100,37.47152724826194
1101,37.47152724826194
1102,37.47152724826194
1103,37.47152724826194
1133,37.47152724826194
1134,37.47152724826194
1135,37.47152724826194
1136,37.47152724826194
1137,37.47152724826194
1138,37.47152724826194
1139,37.47152724826194
1140,37.47152724826194
1141,37.47152724826194
1142,37.47152724826194
1143,37.47152724826194
1156,37.47152724826194
1157,37.47152724826194
1158,37.47152724826194
1159,37.47152724826194
1271,37.47152724826194
1272,37.47152724826194
1273,37.47152724826194
1274,37.47152724826194
1275,37.47152724826194
1276,37.47152724826194
1277,37.47152724826194
1278,37.47152724826194
1279,37.47152724826194
1280,37.47152724826194
1281,37.47152724826194
1282,37.47152724826194
1294,37.47152724826194
1295,37.47152724826194
1296,37.47152724826194
1297,37.47152724826194
1298,37.47152724826194
1299,37.47152724826194
1300,37.47152724826194
1301,37.47152724826194
1302,37.47152724826194
1303,37.47152724826194
1304,37.47152724826194
1305,37.47152724826194
1318,37.47152724826194
1319,37.47152724826194
1320,37.47152724826194
1321,37.47152724826194
1322,37.47152724826194
1323,37.47152724826194
1324,37.47152724826194
1325,37.47152724826194
1326,37.47152724826194
1327,37.47152724826194
1328,37.47152724826194
1329,37.47152724826194
1443,37.47152724826194
1444,37.47152724826194
1445,37.47152724826194
1446,37.47152724826194
1447,37.47152724826194
1448,37.47152724826194
1449,37.47152724826194
1450,37.47152724826194
1451,37.47152724826194
1452,37.47152724826194
1453,37.47152724826194
1491,37.47152724826194
1492,37.47152724826194
1493,37.47152724826194
1494,37.47152724826194
1495,37.47152724826194
1496,37.47152724826194
1497,37.47152724826194
1498,37.47152724826194
1499,37.47152724826194
1500,37.47152724826194
1501,37.47152724826194
1502,37.47152724826194
1540,37.47152724826194
1541,37.47152724826194
1542,37.47152724826194
1543,37.47152724826194
1544,37.47152724826194
1545,37.47152724826194
1546,37.47152724826194
1547,37.47152724826194
1548,37.47152724826194
1549,37.47152724826194
1550,37.47152724826194
1551,37.47152724826194
1682,37.47152724826194
1683,37.47152724826194
1684,37.47152724826194
1685,37.47152724826194
1686,37.47152724826194
1687,37.47152724826194
1688,37.47152724826194
1689,37.47152724826194
1690,37.47152724826194
1691,37.47152724826194
1692,37.47152724826194
1693,37.47152724826194
1788,37.47152724826194
1789,37.47152724826194
1790,37.47152724826194
1791,37.47152724826194
1792,37.47152724826194
1793,37.47152724826194
1794,37.47152724826194
1795,37.47152724826194
1796,37.47152724826194
1797,37.47152724826194
1798,37.47152724826194
1799,37.47152724826194
1823,37.47152724826194
1824,37.47152724826194
1825,37.47152724826194
1826,37.47152724826194
1827,37.47152724826194
1828,37.47152724826194
1829,37.47152724826194
1830,37.47152724826194
1831,37.47152724826194
1832,37.47152724826194
1833,37.47152724826194
1834,37.47152724826194
1835,37.47152724826194
1836,37.47152724826194
1837,37.47152724826194
1838,37.47152724826194
1839,37.47152724826194
1888,37.47152724826194
1889,37.47152724826194
1890,37.47152724826194
1891,37.47152724826194
1892,37.47152724826194
1893,37.47152724826194
1894,37.47152724826194
1895,37.47152724826194
1896,37.47152724826194
1897,37.47152724826194
1898,37.47152724826194
1899,37.47152724826194
1900,37.47152724826194
1901,37.47152724826194
1902,37.47152724826194
1903,37.47152724826194
1921,37.47152724826194
1922,37.47152724826194
1923,37.47152724826194
1924,37.47152724826194
1925,37.47152724826194
1926,37.47152724826194
1927,37.47152724826194
1928,37.47152724826194
1929,37.47152724826194
2057,37.47152724826194
2058,37.47152724826194
2059,37.47152724826194
2060,37.47152724826194
2061,37.47152724826194
2062,37.47152724826194
2063,37.47152724826194
2064,37.47152724826194
2065,37.47152724826194
2066,37.47152724826194
2067,37.47152724826194
2068,37.47152724826194
2139,37.47152724826194
2140,37.47152724826194
2141,37.47152724826194
2142,37.47152724826194
2218,37.47152724826194
2219,37.47152724826194
2220,37.47152724826194
2221,37.47152724826194
2222,37.47152724826194
2223,37.47152724826194
2224,37.47152724826194
2225,37.47152724826194
2226,37.47152724826194
2227,37.47152724826194
2255,37.47152724826194
2256,37.47152724826194
2257,37.47152724826194
2258,37.47152724826194
2259,37.47152724826194
2260,37.47152724826194
2261,37.47152724826194
2262,37.47152724826194
2263,37.47152724826194
2264,37.47152724826194
2265,37.47152724826194
2266,37.47152724826194
2271,37.47152724826194
2272,37.47152724826194
2273,37.47152724826194
2274,37.47152724826194
2287,37.47152724826194
2288,37.47152724826194
2289,37.47152724826194
2290,37.47152724826194
2336,37.47152724826194
2337,37.47152724826194
2338,37.47152724826194
2339,37.47152724826194
2340,37.47152724826194
2341,37.47152724826194
2342,37.47152724826194
2343,37.47152724826194
2344,37.47152724826194
2345,37.47152724826194
2346,37.47152724826194
2347,37.47152724826194
2413,37.47152724826194
2414,37.47152724826194
2415,37.47152724826194
2416,37.47152724826194
2417,37.47152724826194
2418,37.47152724826194
2419,37.47152724826194
2420,37.47152724826194
2437,37.47152724826194
2438,37.47152724826194
2439,37.47152724826194
2440,37.47152724826194
2479,37.47152724826194
2480,37.47152724826194
2481,37.47152724826194
2482,37.47152724826194
2483,37.47152724826194
2484,37.47152724826194
2485,37.47152724826194
2486,37.47152724826194
2487,37.47152724826194
2488,37.47152724826194
2489,37.47152724826194
2490,37.47152724826194
2491,37.47152724826194
2492,37.47152724826194
2493,37.47152724826194
2494,37.47152724826194
2535,37.47152724826194
2536,37.47152724826194
2537,37.47152724826194
2538,37.47152724826194
2539,37.47152724826194
2557,37.47152724826194
2558,37.47152724826194
2559,37.47152724826194
2560,37.47152724826194
2561,37.47152724826194
2562,37.47152724826194
2563,37.47152724826194
2564,37.47152724826194
2565,37.47152724826194
2566,37.47152724826194
2567,37.47152724826194
2568,37.47152724826194
2573,37.47152724826194
2574,37.47152724826194
2575,37.47152724826194
2576,37.47152724826194
2577,37.47152724826194
2578,37.47152724826194
2579,37.47152724826194
2580,37.47152724826194
2581,37.47152724826194
2582,37.47152724826194
2583,37.47152724826194
2584,37.47152724826194
2585,37.47152724826194
2586,37.47152724826194
2587,37.47152724826194
2588,37.47152724826194
2589,37.47152724826194
2590,37.47152724826194
2591,37.47152724826194
2592,37.47152724826194
2593,37.47152724826194
2594,37.47152724826194
2595,37.47152724826194
2596,37.47152724826194
2597,37.47152724826194
2598,37.47152724826194
2599,37.47152724826194
2600,37.47152724826194
2601,37.47152724826194
2602,37.47152724826194
2603,37.47152724826194
2604,37.47152724826194
2605,37.47152724826194
2606,37.47152724826194
2607,37.47152724826194
2608,37.47152724826194
2609,37.47152724826194
2610,37.47152724826194
2632,37.47152724826194
2633,37.47152724826194
2634,37.47152724826194
2635,37.47152724826194
2636,37.47152724826194
2637,37.47152724826194
2638,37.47152724826194
2639,37.47152724826194
2640,37.47152724826194
2641,37.47152724826194
2642,37.47152724826194
2643,37.47152724826194
2644,37.47152724826194
2645,37.47152724826194
2646,37.47152724826194
2647,37.47152724826194
2672,37.47152724826194
2673,37.47152724826194
2674,37.47152724826194
2675,37.47152724826194
2676,37.47152724826194
2677,37.47152724826194
2678,37.47152724826194
2679,37.47152724826194
2680,37.47152724826194
2830,37.47152724826194
2831,37.47152724826194
2832,37.47152724826194
2833,37.47152724826194
2834,37.47152724826194
2903,37.47152724826194
2904,37.47152724826194
2905,37.47152724826194
2906,37.47152724826194
2955,37.47152724826194
2956,37.47152724826194
2957,37.47152724826194
2958,37.47152724826194
2959,37.47152724826194
2960,37.47152724826194
2961,37.47152724826194
2962,37.47152724826194
2963,37.47152724826194
2964,37.47152724826194
2965,37.47152724826194
2966,37.47152724826194
2967,37.47152724826194
2968,37.47152724826194
2969,37.47152724826194
2970,37.47152724826194
2971,37.47152724826194
2972,37.47152724826194
2973,37.47152724826194
2974,37.47152724826194
2975,37.47152724826194
3006,37.47152724826194
3007,37.47152724826194
3008,37.47152724826194
3009,37.47152724826194
3010,37.47152724826194
3011,37.47152724826194
3012,37.47152724826194
3013,37.47152724826194
3014,37.47152724826194
3031,37.47152724826194
3032,37.47152724826194
3033,37.47152724826194
3034,37.47152724826194
3035,37.47152724826194
3036,37.47152724826194
3037,37.47152724826194
3038,37.47152724826194
3167,37.47152724826194
3168,37.47152724826194
3169,37.47152724826194
3170,37.47152724826194
3175,37.47152724826194
3176,37.47152724826194
3177,37.47152724826194
3178,37.47152724826194
3179,37.47152724826194
3180,37.47152724826194
3181,37.47152724826194
3182,37.47152724826194
3183,37.47152724826194
3184,37.47152724826194
3185,37.47152724826194
3186,37.47152724826194
3192,37.47152724826194
3193,37.47152724826194
3194,37.47152724826194
3195,37.47152724826194
3196,37.47152724826194
3197,37.47152724826194
3198,37.47152724826194
3199,37.47152724826194
3200,37.47152724826194
3201,37.47152724826194
3202,37.47152724826194
3203,37.47152724826194
3204,37.47152724826194
3293,37.47152724826194
3294,37.47152724826194
3295,37.47152724826194
3296,37.47152724826194
3297,37.47152724826194
3298,37.47152724826194
3299,37.47152724826194
3300,37.47152724826194
3301,37.47152724826194
3302,37.47152724826194
3303,37.47152724826194
3304,37.47152724826194
3305,37.47152724826194
3306,37.47152724826194
3307,37.47152724826194
3308,37.47152724826194
3309,37.47152724826194
3310,37.47152724826194
3311,37.47152724826194
3312,37.47152724826194
3313,37.47152724826194
3334,37.47152724826194
3335,37.47152724826194
3336,37.47152724826194
3337,37.47152724826194
3338,37.47152724826194
3339,37.47152724826194
3340,37.47152724826194
3341,37.47152724826194
3342,37.47152724826194
3343,37.47152724826194
3344,37.47152724826194
3345,37.47152724826194
3346,37.47152724826194
3347,37.47152724826194
3348,37.47152724826194
3361,37.47152724826194
3362,37.47152724826194
3363,37.47152724826194
3364,37.47152724826194
3393,37.47152724826194
3394,37.47152724826194
3395,37.47152724826194
3396,37.47152724826194
3425,37.47152724826194
3426,37.47152724826194
3427,37.47152724826194
3428,37.47152724826194
3429,37.47152724826194
3430,37.47152724826194
3431,37.47152724826194
3432,37.47152724826194
3472,37.47152724826194
3473,37.47152724826194
3474,37.47152724826194
3475,37.47152724826194
3476,37.47152724826194
3477,37.47152724826194
3478,37.47152724826194
3479,37.47152724826194
3480,37.47152724826194
3481,37.47152724826194
3482,37.47152724826194
3483,37.47152724826194
3521,37.47152724826194
3522,37.47152724826194
3523,37.47152724826194
3524,37.47152724826194
3583,37.47152724826194
3584,37.47152724826194
3585,37.47152724826194
3586,37.47152724826194
3587,37.47152724826194
3588,37.47152724826194
3589,37.47152724826194
3590,37.47152724826194
3591,37.47152724826194
3592,37.47152724826194
3593,37.47152724826194
3594,37.47152724826194
3595,37.47152724826194
3596,37.47152724826194
3597,37.47152724826194
3598,37.47152724826194
3599,37.47152724826194
3600,37.47152724826194
3601,37.47152724826194
3602,37.47152724826194
3603,37.47152724826194
3604,37.47152724826194
3605,37.47152724826194
3606,37.47152724826194
3607,37.47152724826194
3608,37.47152724826194
3609,37.47152724826194
3610,37.47152724826194
3644,37.47152724826194
3645,37.47152724826194
3646,37.47152724826194
3647,37.47152724826194
3648,37.47152724826194
3649,37.47152724826194
3650,37.47152724826194
3651,37.47152724826194
3652,37.47152724826194
3653,37.47152724826194
3654,37.47152724826194
3655,37.47152724826194
3812,37.47152724826194
3813,37.47152724826194
3814,37.47152724826194
3815,37.47152724826194
3816,37.47152724826194
3817,37.47152724826194
3818,37.47152724826194
3819,37.47152724826194
3820,37.47152724826194
3821,37.47152724826194
3822,37.47152724826194
3823,37.47152724826194
3824,37.47152724826194
3825,37.47152724826194
3826,37.47152724826194
3827,37.47152724826194
3828,37.47152724826194
3829,37.47152724826194
3886,37.47152724826194
3887,37.47152724826194
3888,37.47152724826194
3889,37.47152724826194
4051,37.47152724826194
4052,37.47152724826194
4053,37.47152724826194
4054,37.47152724826194
4055,37.47152724826194
4056,37.47152724826194
4057,37.47152724826194
4058,37.47152724826194
4059,37.47152724826194
4060,37.47152724826194
4061,37.47152724826194
4062,37.47152724826194
4128,37.47152724826194
4129,37.47152724826194
4130,37.47152724826194
4131,37.47152724826194
4132,37.47152724826194
4133,37.47152724826194
4134,37.47152724826194
4135,37.47152724826194
4136,37.47152724826194
4137,37.47152724826194
4176,37.47152724826194
4177,37.47152724826194
4178,37.47152724826194
4179,37.47152724826194
4201,37.47152724826194
4202,37.47152724826194
4203,37.47152724826194
4204,37.47152724826194
4205,37.47152724826194
4206,37.47152724826194
4207,37.47152724826194
4228,37.47152724826194
4229,37.47152724826194
4230,37.47152724826194
4231,37.47152724826194
4232,37.47152724826194
4239,37.47152724826194
4240,37.47152724826194
4241,37.47152724826194
4242,37.47152724826194
4249,37.47152724826194
4250,37.47152724826194
4251,37.47152724826194
4252,37.47152724826194
4253,37.47152724826194
4254,37.47152724826194
4255,37.47152724826194
4256,37.47152724826194
4257,37.47152724826194
4258,37.47152724826194
4259,37.47152724826194
4260,37.47152724826194
4270,37.47152724826194
4271,37.47152724826194
4272,37.47152724826194
4273,37.47152724826194
4274,37.47152724826194
4275,37.47152724826194
4276,37.47152724826194
4277,37.47152724826194
4278,37.47152724826194
4279,37.47152724826194
4280,37.47152724826194
4281,37.47152724826194
4282,37.47152724826194
4283,37.47152724826194
4284,37.47152724826194
4285,37.47152724826194
4323,37.47152724826194
4324,37.47152724826194
4325,37.47152724826194
4326,37.47152724826194
4327,37.47152724826194
4328,37.47152724826194
4329,37.47152724826194
4330,37.47152724826194
4331,37.47152724826194
4332,37.47152724826194
4333,37.47152724826194
4362,37.47152724826194
4363,37.47152724826194
4364,37.47152724826194
4365,37.47152724826194
4366,37.47152724826194
4367,37.47152724826194
4368,37.47152724826194
4369,37.47152724826194
4370,37.47152724826194
4371,37.47152724826194
4399,37.47152724826194
4400,37.47152724826194
4401,37.47152724826194
4402,37.47152724826194
4403,37.47152724826194
4425,37.47152724826194
4426,37.47152724826194
4427,37.47152724826194
4428,37.47152724826194
4429,37.47152724826194
4430,37.47152724826194
4431,37.47152724826194
4432,37.47152724826194
4433,37.47152724826194
4434,37.47152724826194
4435,37.47152724826194
4484,37.47152724826194
4485,37.47152724826194
4486,37.47152724826194
4487,37.47152724826194
4545,37.47152724826194
4546,37.47152724826194
4547,37.47152724826194
4548,37.47152724826194
4549,37.47152724826194
4550,37.47152724826194
4551,37.47152724826194
4552,37.47152724826194
4553,37.47152724826194
4554,37.47152724826194
4555,37.47152724826194
4561,37.47152724826194
4562,37.47152724826194
4563,37.47152724826194
4564,37.47152724826194
4698,37.47152724826194
4699,37.47152724826194
4700,37.47152724826194
4701,37.47152724826194
4702,37.47152724826194
4703,37.47152724826194
4704,37.47152724826194
4705,37.47152724826194
4706,37.47152724826194
4707,37.47152724826194
4708,37.47152724826194
4785,37.47152724826194
4786,37.47152724826194
4787,37.47152724826194
4788,37.47152724826194
4828,37.47152724826194
4829,37.47152724826194
4830,37.47152724826194
4831,37.47152724826194
4832,37.47152724826194
4837,37.47152724826194
4838,37.47152724826194
4839,37.47152724826194
4840,37.47152724826194
4891,37.47152724826194
4892,37.47152724826194
4893,37.47152724826194
4894,37.47152724826194
4956,37.47152724826194
4957,37.47152724826194
4958,37.47152724826194
4959,37.47152724826194
4997,37.47152724826194
4998,37.47152724826194
4999,37.47152724826194
5000,37.47152724826194
5001,37.47152724826194
5002,37.47152724826194
5003,37.47152724826194
5004,37.47152724826194
5005,37.47152724826194
5006,37.47152724826194
5007,37.47152724826194
5008,37.47152724826194
5045,37.47152724826194
5046,37.47152724826194
5047,37.47152724826194
5048,37.47152724826194
5085,37.47152724826194
5086,37.47152724826194
5087,37.47152724826194
5088,37.47152724826194
5089,37.47152724826194
5090,37.47152724826194
5091,37.47152724826194
5092,37.47152724826194
5093,37.47152724826194
5094,37.47152724826194
5095,37.47152724826194
5096,37.47152724826194
5097,37.47152724826194
5098,37.47152724826194
5099,37.47152724826194
5100,37.47152724826194
5101,37.47152724826194
5102,37.47152724826194
5103,37.47152724826194
5104,37.47152724826194
5257,37.47152724826194
5258,37.47152724826194
5259,37.47152724826194
5260,37.47152724826194
5261,37.47152724826194
5262,37.47152724826194
5263,37.47152724826194
5264,37.47152724826194
5265,37.47152724826194
5266,37.47152724826194
5267,37.47152724826194
5268,37.47152724826194
5372,37.47152724826194
5373,37.47152724826194
5374,37.47152724826194
5375,37.47152724826194
5376,37.47152724826194
5377,37.47152724826194
5378,37.47152724826194
5379,37.47152724826194
5380,37.47152724826194
5381,37.47152724826194
5382,37.47152724826194
5383,37.47152724826194
5419,37.47152724826194
5420,37.47152724826194
5421,37.47152724826194
5422,37.47152724826194
5423,37.47152724826194
5424,37.47152724826194
5425,37.47152724826194
5426,37.47152724826194
5427,37.47152724826194
5428,37.47152724826194
5429,37.47152724826194
5438,37.47152724826194
5439,37.47152724826194
5440,37.47152724826194
5441,37.47152724826194
5454,37.47152724826194
5455,37.47152724826194
5456,37.47152724826194
5457,37.47152724826194
5458,37.47152724826194
5459,37.47152724826194
5460,37.47152724826194
5461,37.47152724826194
5494,37.47152724826194
5495,37.47152724826194
5496,37.47152724826194
5497,37.47152724826194
5498,37.47152724826194
5499,37.47152724826194
5500,37.47152724826194
5501,37.47152724826194
5629,37.47152724826194
5630,37.47152724826194
5631,37.47152724826194
5632,37.47152724826194
5633,37.47152724826194
5634,37.47152724826194
5635,37.47152724826194
5636,37.47152724826194
5637,37.47152724826194
5638,37.47152724826194
5639,37.47152724826194
5640,37.47152724826194
5641,37.47152724826194
5642,37.47152724826194
5643,37.47152724826194
5644,37.47152724826194
5645,37.47152724826194
5646,37.47152724826194
5647,37.47152724826194
5648,37.47152724826194
5649,37.47152724826194
5650,37.47152724826194
5651,37.47152724826194
5652,37.47152724826194
5653,37.47152724826194
5666,37.47152724826194
5667,37.47152724826194
5668,37.47152724826194
5669,37.47152724826194
5670,37.47152724826194
5671,37.47152724826194
5672,37.47152724826194
5673,37.47152724826194
5674,37.47152724826194
5675,37.47152724826194
5676,37.47152724826194
5677,37.47152724826194
5732,37.47152724826194
5733,37.47152724826194
5734,37.47152724826194
5735,37.47152724826194
5736,37.47152724826194
5737,37.47152724826194
5738,37.47152724826194
5739,37.47152724826194
5740,37.47152724826194
5741,37.47152724826194
5742,37.47152724826194
5743,37.47152724826194
5863,37.47152724826194
5864,37.47152724826194
5865,37.47152724826194
5866,37.47152724826194
5867,37.47152724826194
5868,37.47152724826194
5869,37.47152724826194
5870,37.47152724826194
5871,37.47152724826194
5872,37.47152724826194
5873,37.47152724826194
5874,37.47152724826194
5907,37.47152724826194
5908,37.47152724826194
5909,37.47152724826194
5910,37.47152724826194
5911,37.47152724826194
5912,37.47152724826194
5913,37.47152724826194
5914,37.47152724826194
5915,37.47152724826194
5916,37.47152724826194
5917,37.47152724826194
5918,37.47152724826194
5940,37.47152724826194
5941,37.47152724826194
5942,37.47152724826194
5943,37.47152724826194
5944,37.47152724826194
5945,37.47152724826194
5946,37.47152724826194
5947,37.47152724826194
5948,37.47152724826194
5949,37.47152724826194
5950,37.47152724826194
5951,37.47152724826194
5952,37.47152724826194
5953,37.47152724826194
5954,37.47152724826194
5955,37.47152724826194
5980,37.47152724826194
5981,37.47152724826194
5982,37.47152724826194
5983,37.47152724826194
5984,37.47152724826194
5985,37.47152724826194
5986,37.47152724826194
5987,37.47152724826194
5988,37.47152724826194
5989,37.47152724826194
5990,37.47152724826194
5991,37.47152724826194
5992,37.47152724826194
5993,37.47152724826194
5994,37.47152724826194
5995,37.47152724826194
5996,37.47152724826194
6001,37.47152724826194
6002,37.47152724826194
6003,37.47152724826194
6004,37.47152724826194
6005,37.47152724826194
6006,37.47152724826194
6007,37.47152724826194
6008,37.47152724826194
6021,37.47152724826194
6022,37.47152724826194
6023,37.47152724826194
6024,37.47152724826194
6025,37.47152724826194
6026,37.47152724826194
6027,37.47152724826194
6028,37.47152724826194
6029,37.47152724826194
6030,37.47152724826194
6031,37.47152724826194
6032,37.47152724826194
6122,37.47152724826194
6123,37.47152724826194
6124,37.47152724826194
6125,37.47152724826194
6261,37.47152724826194
6262,37.47152724826194
6263,37.47152724826194
6264,37.47152724826194
6265,37.47152724826194
6266,37.47152724826194
6267,37.47152724826194
6268,37.47152724826194
6269,37.47152724826194
6270,37.47152724826194
6271,37.47152724826194
6272,37.47152724826194
6313,37.47152724826194
6314,37.47152724826194
6315,37.47152724826194
6316,37.47152724826194
6317,37.47152724826194
6318,37.47152724826194
6319,37.47152724826194
6320,37.47152724826194
6321,37.47152724826194
6322,37.47152724826194
6323,37.47152724826194
6324,37.47152724826194
6325,37.47152724826194
6326,37.47152724826194
6327,37.47152724826194
6328,37.47152724826194
6329,37.47152724826194
6330,37.47152724826194
6331,37.47152724826194
6332,37.47152724826194
6348,37.47152724826194
6349,37.47152724826194
6350,37.47152724826194
6351,37.47152724826194
6352,37.47152724826194
6353,37.47152724826194
6354,37.47152724826194
6355,37.47152724826194
6356,37.47152724826194
6357,37.47152724826194
6388,37.47152724826194
6389,37.47152724826194
6390,37.47152724826194
6391,37.47152724826194
6392,37.47152724826194
6393,37.47152724826194
6394,37.47152724826194
6395,37.47152724826194
6396,37.47152724826194
6397,37.47152724826194
6398,37.47152724826194
6399,37.47152724826194
6462,37.47152724826194
6463,37.47152724826194
6464,37.47152724826194
6465,37.47152724826194
6486,37.47152724826194
6487,37.47152724826194
6488,37.47152724826194
6489,37.47152724826194
6490,37.47152724826194
6491,37.47152724826194
6492,37.47152724826194
6493,37.47152724826194
6494,37.47152724826194
6495,37.47152724826194
6496,37.47152724826194
6497,37.47152724826194
6538,37.47152724826194
6539,37.47152724826194
6540,37.47152724826194
6541,37.47152724826194
6558,37.47152724826194
6559,37.47152724826194
6560,37.47152724826194
6561,37.47152724826194
6562,37.47152724826194
6563,37.47152724826194
6564,37.47152724826194
6565,37.47152724826194
6566,37.47152724826194
6567,37.47152724826194
6568,37.47152724826194
6569,37.47152724826194
6570,37.47152724826194
6571,37.47152724826194
6572,37.47152724826194
6573,37.47152724826194
6574,37.47152724826194
6575,37.47152724826194
6576,37.47152724826194
6577,37.47152724826194
6578,37.47152724826194
6579,37.47152724826194
6580,37.47152724826194
6581,37.47152724826194
6582,37.47152724826194
6603,37.47152724826194
6604,37.47152724826194
6605,37.47152724826194
6606,37.47152724826194
6607,37.47152724826194
6608,37.47152724826194
6609,37.47152724826194
6610,37.47152724826194
6611,37.47152724826194
6612,37.47152724826194
6613,37.47152724826194
6614,37.47152724826194
6643,37.47152724826194
6644,37.47152724826194
6645,37.47152724826194
6646,37.47152724826194
6647,37.47152724826194
6648,37.47152724826194
6649,37.47152724826194
6650,37.47152724826194
6651,37.47152724826194
6652,37.47152724826194
6653,37.47152724826194
6654,37.47152724826194
6663,37.47152724826194
6664,37.47152724826194
6665,37.47152724826194
6666,37.47152724826194
6667,37.47152724826194
6668,37.47152724826194
6669,37.47152724826194
6670,37.47152724826194
6671,37.47152724826194
6672,37.47152724826194
6673,37.47152724826194
6674,37.47152724826194
6675,37.47152724826194
6676,37.47152724826194
6677,37.47152724826194
6678,37.47152724826194
6753,37.47152724826194
6754,37.47152724826194
6755,37.47152724826194
6756,37.47152724826194
6757,37.47152724826194
6758,37.47152724826194
6759,37.47152724826194
6760,37.47152724826194
6768,37.47152724826194
6769,37.47152724826194
6770,37.47152724826194
6771,37.47152724826194
6772,37.47152724826194
6773,37.47152724826194
6774,37.47152724826194
6775,37.47152724826194
6776,37.47152724826194
6777,37.47152724826194
6778,37.47152724826194
6779,37.47152724826194
6788,37.47152724826194
6789,37.47152724826194
6790,37.47152724826194
6791,37.47152724826194
6792,37.47152724826194
6793,37.47152724826194
6794,37.47152724826194
6795,37.47152724826194
6796,37.47152724826194
6797,37.47152724826194
6798,37.47152724826194
6799,37.47152724826194
6842,37.47152724826194
6843,37.47152724826194
6844,37.47152724826194
6845,37.47152724826194
6846,37.47152724826194
6895,37.47152724826194
6896,37.47152724826194
6897,37.47152724826194
6898,37.47152724826194
6899,37.47152724826194
6900,37.47152724826194
6901,37.47152724826194
6902,37.47152724826194
6903,37.47152724826194
6904,37.47152724826194
6905,37.47152724826194
6906,37.47152724826194
6907,37.47152724826194
6908,37.47152724826194
6909,37.47152724826194
6910,37.47152724826194
6956,37.47152724826194
6957,37.47152724826194
6958,37.47152724826194
6959,37.47152724826194
6960,37.47152724826194
6961,37.47152724826194
6962,37.47152724826194
6963,37.47152724826194
6972,37.47152724826194
6973,37.47152724826194
6974,37.47152724826194
6975,37.47152724826194
6976,37.47152724826194
6977,37.47152724826194
6978,37.47152724826194
6979,37.47152724826194
6980,37.47152724826194
6981,37.47152724826194
6982,37.47152724826194
6983,37.47152724826194
7052,37.47152724826194
7053,37.47152724826194
7054,37.47152724826194
7055,37.47152724826194
7084,37.47152724826194
7085,37.47152724826194
7086,37.47152724826194
7087,37.47152724826194
7088,37.47152724826194
7089,37.47152724826194
7090,37.47152724826194
7091,37.47152724826194
7092,37.47152724826194
7093,37.47152724826194
7094,37.47152724826194
7095,37.47152724826194
7096,37.47152724826194
7097,37.47152724826194
7098,37.47152724826194
7099,37.47152724826194
7100,37.47152724826194
7101,37.47152724826194
7102,37.47152724826194
7103,37.47152724826194
7104,37.47152724826194
7121,37.47152724826194
7122,37.47152724826194
7123,37.47152724826194
7124,37.47152724826194
7134,37.47152724826194
7135,37.47152724826194
7136,37.47152724826194
7137,37.47152724826194
7199,37.47152724826194
7200,37.47152724826194
7201,37.47152724826194
7202,37.47152724826194
7203,37.47152724826194
7204,37.47152724826194
7205,37.47152724826194
7206,37.47152724826194
7207,37.47152724826194
7208,37.47152724826194
7209,37.47152724826194
7210,37.47152724826194
7279,37.47152724826194
7280,37.47152724826194
7281,37.47152724826194
7282,37.47152724826194
7287,37.47152724826194
7288,37.47152724826194
7289,37.47152724826194
7290,37.47152724826194
7291,37.47152724826194
7292,37.47152724826194
7293,37.47152724826194
7294,37.47152724826194
7295,37.47152724826194
7296,37.47152724826194
7297,37.47152724826194
7298,37.47152724826194
7371,37.47152724826194
7372,37.47152724826194
7373,37.47152724826194
7374,37.47152724826194
7375,37.47152724826194
7376,37.47152724826194
7377,37.47152724826194
7378,37.47152724826194
7379,37.47152724826194
7380,37.47152724826194
7381,37.47152724826194
7382,37.47152724826194
7510,37.47152724826194
7511,37.47152724826194
7512,37.47152724826194
7513,37.47152724826194
7514,37.47152724826194
7551,37.47152724826194
7552,37.47152724826194
7553,37.47152724826194
7554,37.47152724826194
7590,37.47152724826194
7591,37.47152724826194
7592,37.47152724826194
7593,37.47152724826194
7594,37.47152724826194
7595,37.47152724826194
7596,37.47152724826194
7597,37.47152724826194
7629,37.47152724826194
7630,37.47152724826194
7631,37.47152724826194
7632,37.47152724826194
7633,37.47152724826194
7634,37.47152724826194
7639,37.47152724826194
7640,37.47152724826194
7641,37.47152724826194
7642,37.47152724826194
7643,37.47152724826194
7644,37.47152724826194
7645,37.47152724826194
7646,37.47152724826194
7647,37.47152724826194
7648,37.47152724826194
7649,37.47152724826194
7650,37.47152724826194
7651,37.47152724826194
7652,37.47152724826194
7653,37.47152724826194
7654,37.47152724826194
7655,37.47152724826194
7656,37.47152724826194
7657,37.47152724826194
7658,37.47152724826194
7659,37.47152724826194
7690,37.47152724826194
7691,37.47152724826194
7692,37.47152724826194
7693,37.47152724826194
7694,37.47152724826194
7695,37.47152724826194
7696,37.47152724826194
7697,37.47152724826194
7698,37.47152724826194
7699,37.47152724826194
7700,37.47152724826194
7701,37.47152724826194
7734,37.47152724826194
7735,37.47152724826194
7736,37.47152724826194
7737,37.47152724826194
7738,37.47152724826194
7739,37.47152724826194
7740,37.47152724826194
7749,37.47152724826194
7750,37.47152724826194
7751,37.47152724826194
7752,37.47152724826194
7753,37.47152724826194
7754,37.47152724826194
7783,37.47152724826194
7784,37.47152724826194
7785,37.47152724826194
7786,37.47152724826194
7787,37.47152724826194
7788,37.47152724826194
7789,37.47152724826194
7790,37.47152724826194
7791,37.47152724826194
7810,37.47152724826194
7811,37.47152724826194
7812,37.47152724826194
7813,37.47152724826194
7814,37.47152724826194
7815,37.47152724826194
7816,37.47152724826194
7817,37.47152724826194
7818,37.47152724826194
7842,37.47152724826194
7843,37.47152724826194
7844,37.47152724826194
7845,37.47152724826194
7878,37.47152724826194
7879,37.47152724826194
7880,37.47152724826194
7881,37.47152724826194
7882,37.47152724826194
7883,37.47152724826194
7884,37.47152724826194
7885,37.47152724826194
7886,37.47152724826194
7887,37.47152724826194
7888,37.47152724826194
7889,37.47152724826194
7895,37.47152724826194
7896,37.47152724826194
7897,37.47152724826194
7898,37.47152724826194
7899,37.47152724826194
7912,37.47152724826194
7913,37.47152724826194
7914,37.47152724826194
7915,37.47152724826194
7916,37.47152724826194
7917,37.47152724826194
7918,37.47152724826194
7919,37.47152724826194
7920,37.47152724826194
7921,37.47152724826194
7922,37.47152724826194
7923,37.47152724826194
7957,37.47152724826194
7958,37.47152724826194
7959,37.47152724826194
7960,37.47152724826194
7961,37.47152724826194
7962,37.47152724826194
7963,37.47152724826194
7964,37.47152724826194
7965,37.47152724826194
7966,37.47152724826194
7967,37.47152724826194
7968,37.47152724826194
7969,37.47152724826194
7970,37.47152724826194
7971,37.47152724826194
7972,37.47152724826194
7973,37.47152724826194
7974,37.47152724826194
7975,37.47152724826194
7976,37.47152724826194
7983,37.47152724826194
7984,37.47152724826194
7985,37.47152724826194
7986,37.47152724826194
8027,37.47152724826194
8028,37.47152724826194
8029,37.47152724826194
8030,37.47152724826194
8031,37.47152724826194
8032,37.47152724826194
8033,37.47152724826194
8034,37.47152724826194
8035,37.47152724826194
8036,37.47152724826194
8037,37.47152724826194
8038,37.47152724826194
8101,37.47152724826194
8102,37.47152724826194
8103,37.47152724826194
8104,37.47152724826194
8105,37.47152724826194
8106,37.47152724826194
8107,37.47152724826194
8108,37.47152724826194
8126,37.47152724826194
8127,37.47152724826194
8128,37.47152724826194
8129,37.47152724826194
8139,37.47152724826194
8140,37.47152724826194
8141,37.47152724826194
8142,37.47152724826194
8143,37.47152724826194
8144,37.47152724826194
8145,37.47152724826194
8146,37.47152724826194
8147,37.47152724826194
8148,37.47152724826194
8149,37.47152724826194
8150,37.47152724826194
8151,37.47152724826194
8152,37.47152724826194
8153,37.47152724826194
8154,37.47152724826194
8162,37.47152724826194
8163,37.47152724826194
8164,37.47152724826194
8165,37.47152724826194
8166,37.47152724826194
8167,37.47152724826194
8168,37.47152724826194
8169,37.47152724826194
8170,37.47152724826194
8171,37.47152724826194
8172,37.47152724826194
8173,37.47152724826194
8203,37.47152724826194
8204,37.47152724826194
8205,37.47152724826194
8206,37.47152724826194
8207,37.47152724826194
8208,37.47152724826194
8209,37.47152724826194
8210,37.47152724826194
8211,37.47152724826194
8212,37.47152724826194
8213,37.47152724826194
8214,37.47152724826194
8215,37.47152724826194
8216,37.47152724826194
8217,37.47152724826194
8218,37.47152724826194
8219,37.47152724826194
8220,37.47152724826194
8221,37.47152724826194
8222,37.47152724826194
8223,37.47152724826194
8224,37.47152724826194
8225,37.47152724826194
8226,37.47152724826194
8305,37.47152724826194
8306,37.47152724826194
8307,37.47152724826194
8308,37.47152724826194
8309,37.47152724826194
8310,37.47152724826194
8343,37.47152724826194
8344,37.47152724826194
8345,37.47152724826194
8346,37.47152724826194
8468,37.47152724826194
8469,37.47152724826194
8470,37.47152724826194
8471,37.47152724826194
8472,37.47152724826194
8473,37.47152724826194
8474,37.47152724826194
8475,37.47152724826194
8476,37.47152724826194
8477,37.47152724826194
8478,37.47152724826194
8479,37.47152724826194
8480,37.47152724826194
8481,37.47152724826194
8482,37.47152724826194
8483,37.47152724826194
8536,37.47152724826194
8537,37.47152724826194
8538,37.47152724826194
8539,37.47152724826194
8540,37.47152724826194
8541,37.47152724826194
8542,37.47152724826194
8543,37.47152724826194
8544,37.47152724826194
8545,37.47152724826194
8546,37.47152724826194
8547,37.47152724826194
8548,37.47152724826194
8549,37.47152724826194
8550,37.47152724826194
8551,37.47152724826194
8564,37.47152724826194
8565,37.47152724826194
8566,37.47152724826194
8567,37.47152724826194
8568,37.47152724826194
8569,37.47152724826194
8570,37.47152724826194
8571,37.47152724826194
8572,37.47152724826194
8573,37.47152724826194
8574,37.47152724826194
8575,37.47152724826194
8604,37.47152724826194
8605,37.47152724826194
8606,37.47152724826194
8607,37.47152724826194
8624,37.47152724826194
8625,37.47152724826194
8626,37.47152724826194
8627,37.47152724826194
8677,37.47152724826194
8678,37.47152724826194
8679,37.47152724826194
8680,37.47152724826194
8681,37.47152724826194
8682,37.47152724826194
8683,37.47152724826194
8684,37.47152724826194
8685,37.47152724826194
8686,37.47152724826194
8687,37.47152724826194
8688,37.47152724826194
8732,37.47152724826194
8733,37.47152724826194
8734,37.47152724826194
8735,37.47152724826194
8768,37.47152724826194
8769,37.47152724826194
8770,37.47152724826194
8771,37.47152724826194
8772,37.47152724826194
8773,37.47152724826194
8774,37.47152724826194
8775,37.47152724826194
8776,37.47152724826194
8777,37.47152724826194
8778,37.47152724826194
8840,37.47152724826194
8841,37.47152724826194
8842,37.47152724826194
8843,37.47152724826194
8844,37.47152724826194
8845,37.47152724826194
8846,37.47152724826194
8847,37.47152724826194
8848,37.47152724826194
8849,37.47152724826194
8850,37.47152724826194
8851,37.47152724826194
8852,37.47152724826194
8853,37.47152724826194
8854,37.47152724826194
8855,37.47152724826194
8868,37.47152724826194
8869,37.47152724826194
8870,37.47152724826194
8871,37.47152724826194
8872,37.47152724826194
8873,37.47152724826194
8874,37.47152724826194
8875,37.47152724826194
8876,37.47152724826194
8877,37.47152724826194
8878,37.47152724826194
8879,37.47152724826194
8898,37.47152724826194
8899,37.47152724826194
8900,37.47152724826194
8901,37.47152724826194
8902,37.47152724826194
8903,37.47152724826194
8904,37.47152724826194
8905,37.47152724826194
8906,37.47152724826194
8907,37.47152724826194
8908,37.47152724826194
8965,37.47152724826194
8966,37.47152724826194
8967,37.47152724826194
8968,37.47152724826194
9070,37.47152724826194
9071,37.47152724826194
9072,37.47152724826194
9073,37.47152724826194
9074,37.47152724826194
9087,37.47152724826194
9088,37.47152724826194
9089,37.47152724826194
9090,37.47152724826194
9091,37.47152724826194
9092,37.47152724826194
9093,37.47152724826194
9094,37.47152724826194
9095,37.47152724826194
9096,37.47152724826194
9097,37.47152724826194
9155,37.47152724826194
9156,37.47152724826194
9157,37.47152724826194
9158,37.47152724826194
9159,37.47152724826194
9160,37.47152724826194
9161,37.47152724826194
9162,37.47152724826194
9163,37.47152724826194
9164,37.47152724826194
9165,37.47152724826194
9166,37.47152724826194
9167,37.47152724826194
9168,37.47152724826194
9169,37.47152724826194
9170,37.47152724826194
9171,37.47152724826194
9172,37.47152724826194
9173,37.47152724826194
9195,37.47152724826194
9196,37.47152724826194
9197,37.47152724826194
9198,37.47152724826194
9282,37.47152724826194
9283,37.47152724826194
9284,37.47152724826194
9285,37.47152724826194
9286,37.47152724826194
9287,37.47152724826194
9288,37.47152724826194
9313,37.47152724826194
9314,37.47152724826194
9315,37.47152724826194
9316,37.47152724826194
9359,37.47152724826194
9360,37.47152724826194
9361,37.47152724826194
9362,37.47152724826194
9363,37.47152724826194
9364,37.47152724826194
9365,37.47152724826194
9366,37.47152724826194
9367,37.47152724826194
9368,37.47152724826194
9369,37.47152724826194
9370,37.47152724826194
9371,37.47152724826194
9372,37.47152724826194
9373,37.47152724826194
9374,37.47152724826194
9375,37.47152724826194
9376,37.47152724826194
9377,37.47152724826194
9378,37.47152724826194
9379,37.47152724826194
9380,37.47152724826194
9381,37.47152724826194
9382,37.47152724826194
9383,37.47152724826194
9384,37.47152724826194
9385,37.47152724826194
9386,37.47152724826194
9387,37.47152724826194
9388,37.47152724826194
9389,37.47152724826194
9390,37.47152724826194
9391,37.47152724826194
9392,37.47152724826194
9393,37.47152724826194
9394,37.47152724826194
9395,37.47152724826194
9396,37.47152724826194
9397,37.47152724826194
9398,37.47152724826194
9399,37.47152724826194
9400,37.47152724826194
9401,37.47152724826194
9402,37.47152724826194
9403,37.47152724826194
9502,37.47152724826194
9503,37.47152724826194
9504,37.47152724826194
9505,37.47152724826194
9506,37.47152724826194
9507,37.47152724826194
9508,37.47152724826194
9509,37.47152724826194
9510,37.47152724826194
9511,37.47152724826194
9512,37.47152724826194
9513,37.47152724826194
9514,37.47152724826194
9515,37.47152724826194
9516,37.47152724826194
9517,37.47152724826194
9518,37.47152724826194
9519,37.47152724826194
9520,37.47152724826194
9521,37.47152724826194
9522,37.47152724826194
9543,37.47152724826194
9544,37.47152724826194
9545,37.47152724826194
9546,37.47152724826194
9547,37.47152724826194
9548,37.47152724826194
9549,37.47152724826194
9550,37.47152724826194
9551,37.47152724826194
9552,37.47152724826194
9553,37.47152724826194
9554,37.47152724826194
9724,37.47152724826194
9725,37.47152724826194
9726,37.47152724826194
9727,37.47152724826194
9728,37.47152724826194
9729,37.47152724826194
9730,37.47152724826194
9731,37.47152724826194
9732,37.47152724826194
9733,37.47152724826194
9734,37.47152724826194
9735,37.47152724826194
9778,37.47152724826194
9779,37.47152724826194
9780,37.47152724826194
9781,37.47152724826194
9826,37.47152724826194
9827,37.47152724826194
9828,37.47152724826194
9829,37.47152724826194
9830,37.47152724826194
9831,37.47152724826194
9832,37.47152724826194
9833,37.47152724826194
9834,37.47152724826194
9835,37.47152724826194
9836,37.47152724826194
9837,37.47152724826194
9850,37.47152724826194
9851,37.47152724826194
9852,37.47152724826194
9853,37.47152724826194
9854,37.47152724826194
9855,37.47152724826194
9856,37.47152724826194
9857,37.47152724826194
9858,37.47152724826194
9859,37.47152724826194
9860,37.47152724826194
9861,37.47152724826194
9862,37.47152724826194
9863,37.47152724826194
9945,37.47152724826194
9946,37.47152724826194
9947,37.47152724826194
9948,37.47152724826194
9949,37.47152724826194
9950,37.47152724826194
9951,37.47152724826194
9952,37.47152724826194
9953,37.47152724826194
9954,37.47152724826194
9955,37.47152724826194
10058,37.47152724826194
10059,37.47152724826194
10060,37.47152724826194
10061,37.47152724826194
10062,37.47152724826194
10063,37.47152724826194
10064,37.47152724826194
10065,37.47152724826194
10066,37.47152724826194
10067,37.47152724826194
10068,37.47152724826194
10069,37.47152724826194
10070,37.47152724826194
10071,37.47152724826194
10072,37.47152724826194
10073,37.47152724826194
10074,37.47152724826194
10145,37.47152724826194
10146,37.47152724826194
10147,37.47152724826194
10148,37.47152724826194
10149,37.47152724826194
10186,37.47152724826194
10187,37.47152724826194
10188,37.47152724826194
10189,37.47152724826194
10190,37.47152724826194
10191,37.47152724826194
10192,37.47152724826194
10193,37.47152724826194
10194,37.47152724826194
10206,37.47152724826194
10207,37.47152724826194
10208,37.47152724826194
10209,37.47152724826194
10210,37.47152724826194
10211,37.47152724826194
10212,37.47152724826194
10213,37.47152724826194
10214,37.47152724826194
10215,37.47152724826194
10239,37.47152724826194
10240,37.47152724826194
10241,37.47152724826194
10242,37.47152724826194
10271,37.47152724826194
10272,37.47152724826194
10273,37.47152724826194
10274,37.47152724826194
10275,37.47152724826194
10276,37.47152724826194
10277,37.47152724826194
10278,37.47152724826194
10279,37.47152724826194
10280,37.47152724826194
10281,37.47152724826194
10282,37.47152724826194
10283,37.47152724826194
10284,37.47152724826194
10285,37.47152724826194
10286,37.47152724826194
10310,37.47152724826194
10311,37.47152724826194
10312,37.47152724826194
10313,37.47152724826194
10314,37.47152724826194
10315,37.47152724826194
10316,37.47152724826194
10317,37.47152724826194
10318,37.47152724826194
10319,37.47152724826194
10320,37.47152724826194
10321,37.47152724826194
10322,37.47152724826194
10323,37.47152724826194
10324,37.47152724826194
10325,37.47152724826194
10326,37.47152724826194
10327,37.47152724826194
10328,37.47152724826194
10329,37.47152724826194
10330,37.47152724826194
10331,37.47152724826194
10332,37.47152724826194
10333,37.47152724826194
10334,37.47152724826194
10335,37.47152724826194
10413,37.47152724826194
10414,37.47152724826194
10415,37.47152724826194
10416,37.47152724826194
10477,37.47152724826194
10478,37.47152724826194
10479,37.47152724826194
10480,37.47152724826194
10481,37.47152724826194
10545,37.47152724826194
10546,37.47152724826194
10547,37.47152724826194
10548,37.47152724826194
10549,37.47152724826194
10550,37.47152724826194
10551,37.47152724826194
10552,37.47152724826194
10553,37.47152724826194
10554,37.47152724826194
10555,37.47152724826194
10556,37.47152724826194
10634,37.47152724826194
10635,37.47152724826194
10636,37.47152724826194
10637,37.47152724826194
10638,37.47152724826194
10639,37.47152724826194
10640,37.47152724826194
10641,37.47152724826194
10677,37.47152724826194
10678,37.47152724826194
10679,37.47152724826194
10680,37.47152724826194
10681,37.47152724826194
10682,37.47152724826194
10683,37.47152724826194
10684,37.47152724826194
10685,37.47152724826194
10686,37.47152724826194
10687,37.47152724826194
10688,37.47152724826194
10689,37.47152724826194
10690,37.47152724826194
10691,37.47152724826194
10692,37.47152724826194
10699,37.47152724826194
10700,37.47152724826194
10701,37.47152724826194
10702,37.47152724826194
10703,37.47152724826194
10704,37.47152724826194
10705,37.47152724826194
10706,37.47152724826194
10707,37.47152724826194
10708,37.47152724826194
10709,37.47152724826194
10710,37.47152724826194
10772,37.47152724826194
10773,37.47152724826194
10774,37.47152724826194
10775,37.47152724826194
10776,37.47152724826194
10777,37.47152724826194
10778,37.47152724826194
10779,37.47152724826194
10780,37.47152724826194
10781,37.47152724826194
10782,37.47152724826194
10783,37.47152724826194
10793,37.47152724826194
10794,37.47152724826194
10795,37.47152724826194
10796,37.47152724826194
10797,37.47152724826194
10824,37.47152724826194
10825,37.47152724826194
10826,37.47152724826194
10827,37.47152724826194
10828,37.47152724826194
10829,37.47152724826194
10830,37.47152724826194
10883,37.47152724826194
10884,37.47152724826194
10885,37.47152724826194
10886,37.47152724826194
10934,37.47152724826194
10935,37.47152724826194
10936,37.47152724826194
10937,37.47152724826194
10938,37.47152724826194
10939,37.47152724826194
10940,37.47152724826194
10941,37.47152724826194
10942,37.47152724826194
10943,37.47152724826194
10944,37.47152724826194
10945,37.47152724826194
11128,37.47152724826194
11129,37.47152724826194
11130,37.47152724826194
11131,37.47152724826194
11132,37.47152724826194
11133,37.47152724826194
11134,37.47152724826194
11135,37.47152724826194
11136,37.47152724826194
11137,37.47152724826194
11138,37.47152724826194
11139,37.47152724826194
11189,37.47152724826194
11190,37.47152724826194
11191,37.47152724826194
11192,37.47152724826194
11193,37.47152724826194
11194,37.47152724826194
11195,37.47152724826194
11196,37.47152724826194
11197,37.47152724826194
11198,37.47152724826194
11199,37.47152724826194
11200,37.47152724826194
11236,37.47152724826194
11237,37.47152724826194
11238,37.47152724826194
11239,37.47152724826194
11240,37.47152724826194
11261,37.47152724826194
11262,37.47152724826194
11263,37.47152724826194
11264,37.47152724826194
11361,37.47152724826194
11362,37.47152724826194
11363,37.47152724826194
11364,37.47152724826194
11412,37.47152724826194
11413,37.47152724826194
11414,37.47152724826194
11415,37.47152724826194
11416,37.47152724826194
11417,37.47152724826194
11418,37.47152724826194
11419,37.47152724826194
11420,37.47152724826194
11421,37.47152724826194
11422,37.47152724826194
11423,37.47152724826194
11424,37.47152724826194
11425,37.47152724826194
11426,37.47152724826194
11427,37.47152724826194
11428,37.47152724826194
11429,37.47152724826194
11430,37.47152724826194
11431,37.47152724826194
11432,37.47152724826194
11466,37.47152724826194
11467,37.47152724826194
11468,37.47152724826194
11469,37.47152724826194
11470,37.47152724826194
11471,37.47152724826194
11472,37.47152724826194
11473,37.47152724826194
11474,37.47152724826194
11475,37.47152724826194
11476,37.47152724826194
11494,37.47152724826194
11495,37.47152724826194
11496,37.47152724826194
11497,37.47152724826194
11539,37.47152724826194
11540,37.47152724826194
11541,37.47152724826194
11542,37.47152724826194
11543,37.47152724826194
11641,37.47152724826194
11642,37.47152724826194
11643,37.47152724826194
11644,37.47152724826194
11645,37.47152724826194
11646,37.47152724826194
11647,37.47152724826194
11648,37.47152724826194
11649,37.47152724826194
11650,37.47152724826194
11651,37.47152724826194
11652,37.47152724826194
11757,37.47152724826194
11758,37.47152724826194
11759,37.47152724826194
11760,37.47152724826194
11761,37.47152724826194
11762,37.47152724826194
11763,37.47152724826194
11814,37.47152724826194
11815,37.47152724826194
11816,37.47152724826194
11817,37.47152724826194
11818,37.47152724826194
11819,37.47152724826194
11820,37.47152724826194
11821,37.47152724826194
11822,37.47152724826194
11823,37.47152724826194
11833,37.47152724826194
11834,37.47152724826194
11835,37.47152724826194
11836,37.47152724826194
11837,37.47152724826194
11838,37.47152724826194
11839,37.47152724826194
11840,37.47152724826194
11841,37.47152724826194
11842,37.47152724826194
11843,37.47152724826194
11844,37.47152724826194
11995,37.47152724826194
11996,37.47152724826194
11997,37.47152724826194
11998,37.47152724826194
12009,37.47152724826194
12010,37.47152724826194
12011,37.47152724826194
12012,37.47152724826194
12013,37.47152724826194
12014,37.47152724826194
12015,37.47152724826194
12016,37.47152724826194
12017,37.47152724826194
12018,37.47152724826194
12019,37.47152724826194
12020,37.47152724826194
12032,37.47152724826194
12033,37.47152724826194
12034,37.47152724826194
12035,37.47152724826194
12036,37.47152724826194
12047,37.47152724826194
12048,37.47152724826194
12049,37.47152724826194
12050,37.47152724826194
12051,37.47152724826194
12106,37.47152724826194
12107,37.47152724826194
12108,37.47152724826194
12109,37.47152724826194
12110,37.47152724826194
12111,37.47152724826194
12112,37.47152724826194
12113,37.47152724826194
12114,37.47152724826194
12115,37.47152724826194
12116,37.47152724826194
12117,37.47152724826194
12118,37.47152724826194
12119,37.47152724826194
12120,37.47152724826194
12121,37.47152724826194
12122,37.47152724826194
12123,37.47152724826194
12124,37.47152724826194
12125,37.47152724826194
12126,37.47152724826194
12127,37.47152724826194
12132,37.47152724826194
12133,37.47152724826194
12134,37.47152724826194
12135,37.47152724826194
12186,37.47152724826194
12187,37.47152724826194
12188,37.47152724826194
12189,37.47152724826194
12190,37.47152724826194
12191,37.47152724826194
12192,37.47152724826194
12193,37.47152724826194
12194,37.47152724826194
12195,37.47152724826194
12196,37.47152724826194
12197,37.47152724826194
12210,37.47152724826194
12211,37.47152724826194
12212,37.47152724826194
12213,37.47152724826194
12233,37.47152724826194
12234,37.47152724826194
12235,37.47152724826194
12236,37.47152724826194
12237,37.47152724826194
12238,37.47152724826194
12239,37.47152724826194
12240,37.47152724826194
12241,37.47152724826194
12242,37.47152724826194
12243,37.47152724826194
12244,37.47152724826194
12245,37.47152724826194
12246,37.47152724826194
12247,37.47152724826194
12248,37.47152724826194
12249,37.47152724826194
12250,37.47152724826194
12251,37.47152724826194
12252,37.47152724826194
12253,37.47152724826194
12254,37.47152724826194
12255,37.47152724826194
12256,37.47152724826194
12269,37.47152724826194
12270,37.47152724826194
12271,37.47152724826194
12272,37.47152724826194
12273,37.47152724826194
12274,37.47152724826194
12275,37.47152724826194
12276,37.47152724826194
12277,37.47152724826194
12278,37.47152724826194
12279,37.47152724826194
12280,37.47152724826194
12307,37.47152724826194
12308,37.47152724826194
12309,37.47152724826194
12310,37.47152724826194
12311,37.47152724826194
12312,37.47152724826194
12313,37.47152724826194
12314,37.47152724826194
12315,37.47152724826194
12316,37.47152724826194
12317,37.47152724826194
12318,37.47152724826194
12363,37.47152724826194
12364,37.47152724826194
12365,37.47152724826194
12366,37.47152724826194
12367,37.47152724826194
12391,37.47152724826194
12392,37.47152724826194
12393,37.47152724826194
12394,37.47152724826194
12395,37.47152724826194
12396,37.47152724826194
12397,37.47152724826194
12425,37.47152724826194
12426,37.47152724826194
12427,37.47152724826194
12428,37.47152724826194
12429,37.47152724826194
12430,37.47152724826194
12431,37.47152724826194
12432,37.47152724826194
12441,37.47152724826194
12442,37.47152724826194
12443,37.47152724826194
12444,37.47152724826194
12445,37.47152724826194
12446,37.47152724826194
12447,37.47152724826194
12448,37.47152724826194
12449,37.47152724826194
12450,37.47152724826194
12451,37.47152724826194
12452,37.47152724826194
12514,37.47152724826194
12515,37.47152724826194
12516,37.47152724826194
12517,37.47152724826194
12518,37.47152724826194
12519,37.47152724826194
12520,37.47152724826194
12521,37.47152724826194
12522,37.47152724826194
12523,37.47152724826194
12524,37.47152724826194
12525,37.47152724826194
12526,37.47152724826194
12527,37.47152724826194
12528,37.47152724826194
12667,37.47152724826194
12668,37.47152724826194
12669,37.47152724826194
12670,37.47152724826194
12671,37.47152724826194
12672,37.47152724826194
12673,37.47152724826194
12674,37.47152724826194
12675,37.47152724826194
12676,37.47152724826194
12677,37.47152724826194
12678,37.47152724826194
12711,37.47152724826194
12712,37.47152724826194
12713,37.47152724826194
12714,37.47152724826194
12715,37.47152724826194
12716,37.47152724826194
12717,37.47152724826194
12718,37.47152724826194
12719,37.47152724826194
12720,37.47152724826194
12721,37.47152724826194
12722,37.47152724826194
12723,37.47152724826194
12724,37.47152724826194
12725,37.47152724826194
12726,37.47152724826194
12727,37.47152724826194
12733,37.47152724826194
12734,37.47152724826194
12735,37.47152724826194
12736,37.47152724826194
12737,37.47152724826194
12738,37.47152724826194
12739,37.47152724826194
12740,37.47152724826194
12741,37.47152724826194
12754,37.47152724826194
12755,37.47152724826194
12756,37.47152724826194
12757,37.47152724826194
12777,37.47152724826194
12778,37.47152724826194
12779,37.47152724826194
12780,37.47152724826194
12781,37.47152724826194
12782,37.47152724826194
12783,37.47152724826194
12784,37.47152724826194
12785,37.47152724826194
12786,37.47152724826194
12800,37.47152724826194
12801,37.47152724826194
12802,37.47152724826194
12803,37.47152724826194
12804,37.47152724826194
12805,37.47152724826194
12806,37.47152724826194
12807,37.47152724826194
12808,37.47152724826194
12809,37.47152724826194
12826,37.47152724826194
12827,37.47152724826194
12828,37.47152724826194
12829,37.47152724826194
12853,37.47152724826194
12854,37.47152724826194
12855,37.47152724826194
12856,37.47152724826194
12857,37.47152724826194
12858,37.47152724826194
12859,37.47152724826194
12860,37.47152724826194
12861,37.47152724826194
12862,37.47152724826194
12863,37.47152724826194
12864,37.47152724826194
12865,37.47152724826194
12866,37.47152724826194
12867,37.47152724826194
12868,37.47152724826194
12875,37.47152724826194
12876,37.47152724826194
12877,37.47152724826194
12878,37.47152724826194
12879,37.47152724826194
12880,37.47152724826194
12881,37.47152724826194
12882,37.47152724826194
12883,37.47152724826194
12884,37.47152724826194
12916,37.47152724826194
12917,37.47152724826194
12918,37.47152724826194
12919,37.47152724826194
12920,37.47152724826194
12933,37.47152724826194
12934,37.47152724826194
12935,37.47152724826194
12936,37.47152724826194
12937,37.47152724826194
12938,37.47152724826194
12939,37.47152724826194
12940,37.47152724826194
12941,37.47152724826194
12942,37.47152724826194
12943,37.47152724826194
13020,37.47152724826194
13021,37.47152724826194
13022,37.47152724826194
13023,37.47152724826194
13024,37.47152724826194
13025,37.47152724826194
13026,37.47152724826194
13027,37.47152724826194
13028,37.47152724826194
13029,37.47152724826194
13030,37.47152724826194
13031,37.47152724826194
13032,37.47152724826194
13033,37.47152724826194
13034,37.47152724826194
13039,37.47152724826194
13040,37.47152724826194
13041,37.47152724826194
13042,37.47152724826194
13043,37.47152724826194
13044,37.47152724826194
13065,37.47152724826194
13066,37.47152724826194
13067,37.47152724826194
13068,37.47152724826194
13069,37.47152724826194
13070,37.47152724826194
13071,37.47152724826194
13072,37.47152724826194
13073,37.47152724826194
13074,37.47152724826194
13075,37.47152724826194
13076,37.47152724826194
13077,37.47152724826194
13078,37.47152724826194
13079,37.47152724826194
13080,37.47152724826194
13081,37.47152724826194
13134,37.47152724826194
13135,37.47152724826194
13136,37.47152724826194
13137,37.47152724826194
13162,37.47152724826194
13163,37.47152724826194
13164,37.47152724826194
13165,37.47152724826194
13166,37.47152724826194
13167,37.47152724826194
13168,37.47152724826194
13169,37.47152724826194
13170,37.47152724826194
13171,37.47152724826194
13172,37.47152724826194
13173,37.47152724826194
13195,37.47152724826194
13196,37.47152724826194
13197,37.47152724826194
13198,37.47152724826194
13199,37.47152724826194
13200,37.47152724826194
13201,37.47152724826194
13202,37.47152724826194
13203,37.47152724826194
13204,37.47152724826194
13205,37.47152724826194
13206,37.47152724826194
13219,37.47152724826194
13220,37.47152724826194
13221,37.47152724826194
13222,37.47152724826194
13223,37.47152724826194
13224,37.47152724826194
13225,37.47152724826194
13226,37.47152724826194
13227,37.47152724826194
13252,37.47152724826194
13253,37.47152724826194
13254,37.47152724826194
13255,37.47152724826194
13256,37.47152724826194
13257,37.47152724826194
13258,37.47152724826194
13259,37.47152724826194
13260,37.47152724826194
13261,37.47152724826194
13262,37.47152724826194
13263,37.47152724826194
13294,37.47152724826194
13295,37.47152724826194
13296,37.47152724826194
13297,37.47152724826194
13298,37.47152724826194
13299,37.47152724826194
13300,37.47152724826194
13301,37.47152724826194
13302,37.47152724826194
13303,37.47152724826194
13304,37.47152724826194
13305,37.47152724826194
13332,37.47152724826194
13333,37.47152724826194
13334,37.47152724826194
13335,37.47152724826194
13336,37.47152724826194
13337,37.47152724826194
13338,37.47152724826194
13339,37.47152724826194
13340,37.47152724826194
13341,37.47152724826194
13342,37.47152724826194
13343,37.47152724826194
13344,37.47152724826194
13345,37.47152724826194
13346,37.47152724826194
13347,37.47152724826194
13348,37.47152724826194
13349,37.47152724826194
13507,37.47152724826194
13508,37.47152724826194
13509,37.47152724826194
13510,37.47152724826194
13564,37.47152724826194
13565,37.47152724826194
13566,37.47152724826194
13567,37.47152724826194
13568,37.47152724826194
13569,37.47152724826194
13570,37.47152724826194
13571,37.47152724826194
13572,37.47152724826194
13573,37.47152724826194
13574,37.47152724826194
13575,37.47152724826194
13674,37.47152724826194
13675,37.47152724826194
13676,37.47152724826194
13677,37.47152724826194
13720,37.47152724826194
13721,37.47152724826194
13722,37.47152724826194
13723,37.47152724826194
13724,37.47152724826194
13725,37.47152724826194
13726,37.47152724826194
13727,37.47152724826194
13728,37.47152724826194
13729,37.47152724826194
13730,37.47152724826194
13731,37.47152724826194
13732,37.47152724826194
13750,37.47152724826194
13751,37.47152724826194
13752,37.47152724826194
13753,37.47152724826194
13754,37.47152724826194
13755,37.47152724826194
13756,37.47152724826194
13757,37.47152724826194
13758,37.47152724826194
13759,37.47152724826194
13760,37.47152724826194
13761,37.47152724826194
13867,37.47152724826194
13868,37.47152724826194
13869,37.47152724826194
13870,37.47152724826194
13871,37.47152724826194
13872,37.47152724826194
13873,37.47152724826194
13874,37.47152724826194
13875,37.47152724826194
13876,37.47152724826194
13877,37.47152724826194
13878,37.47152724826194
13896,37.47152724826194
13897,37.47152724826194
13898,37.47152724826194
13899,37.47152724826194
13918,37.47152724826194
13919,37.47152724826194
13920,37.47152724826194
13921,37.47152724826194
13922,37.47152724826194
13923,37.47152724826194
13924,37.47152724826194
13925,37.47152724826194
13926,37.47152724826194
13927,37.47152724826194
13928,37.47152724826194
13929,37.47152724826194
13946,37.47152724826194
13947,37.47152724826194
13948,37.47152724826194
13949,37.47152724826194
13950,37.47152724826194
13951,37.47152724826194
13952,37.47152724826194
14097,37.47152724826194
14098,37.47152724826194
14099,37.47152724826194
14100,37.47152724826194
14219,37.47152724826194
14220,37.47152724826194
14221,37.47152724826194
14222,37.47152724826194
14325,37.47152724826194
14326,37.47152724826194
14327,37.47152724826194
14328,37.47152724826194
14329,37.47152724826194
14330,37.47152724826194
14331,37.47152724826194
14332,37.47152724826194
14333,37.47152724826194
14384,37.47152724826194
14385,37.47152724826194
14386,37.47152724826194
14387,37.47152724826194
14388,37.47152724826194
14389,37.47152724826194
14390,37.47152724826194
14391,37.47152724826194
14392,37.47152724826194
14393,37.47152724826194
14394,37.47152724826194
14395,37.47152724826194
14396,37.47152724826194
14397,37.47152724826194
14398,37.47152724826194
14399,37.47152724826194
14400,37.47152724826194
14401,37.47152724826194
14402,37.47152724826194
14403,37.47152724826194
14404,37.47152724826194
14405,37.47152724826194
14406,37.47152724826194
14407,37.47152724826194
14408,37.47152724826194
14409,37.47152724826194
14410,37.47152724826194
14468,37.47152724826194
14469,37.47152724826194
14470,37.47152724826194
14471,37.47152724826194
14472,37.47152724826194
14473,37.47152724826194
14474,37.47152724826194
14475,37.47152724826194
14476,37.47152724826194
14477,37.47152724826194
14478,37.47152724826194
14479,37.47152724826194
14498,37.47152724826194
14499,37.47152724826194
14500,37.47152724826194
14501,37.47152724826194
14502,37.47152724826194
14503,37.47152724826194
14504,37.47152724826194
14505,37.47152724826194
14506,37.47152724826194
14507,37.47152724826194
14508,37.47152724826194
14509,37.47152724826194
14510,37.47152724826194
14511,37.47152724826194
14512,37.47152724826194
14513,37.47152724826194
14514,37.47152724826194
14515,37.47152724826194
14516,37.47152724826194
14517,37.47152724826194
14518,37.47152724826194
14519,37.47152724826194
14520,37.47152724826194
14521,37.47152724826194
14535,37.47152724826194
14536,37.47152724826194
14537,37.47152724826194
14538,37.47152724826194
14539,37.47152724826194
14540,37.47152724826194
14541,37.47152724826194
14542,37.47152724826194
14543,37.47152724826194
14544,37.47152724826194
14545,37.47152724826194
14546,37.47152724826194
14547,37.47152724826194
14548,37.47152724826194
14549,37.47152724826194
14550,37.47152724826194
14551,37.47152724826194
14552,37.47152724826194
14553,37.47152724826194
14554,37.47152724826194
14555,37.47152724826194
14556,37.47152724826194
14557,37.47152724826194
14558,37.47152724826194
14563,37.47152724826194
14564,37.47152724826194
14565,37.47152724826194
14566,37.47152724826194
14567,37.47152724826194
14568,37.47152724826194
14591,37.47152724826194
14592,37.47152724826194
14593,37.47152724826194
14594,37.47152724826194
14602,37.47152724826194
14603,37.47152724826194
14604,37.47152724826194
14605,37.47152724826194
14639,37.47152724826194
14640,37.47152724826194
14641,37.47152724826194
14642,37.47152724826194
14663,37.47152724826194
14664,37.47152724826194
14665,37.47152724826194
14666,37.47152724826194
14667,37.47152724826194
14668,37.47152724826194
14669,37.47152724826194
14670,37.47152724826194
14671,37.47152724826194
14672,37.47152724826194
14673,37.47152724826194
14674,37.47152724826194
14675,37.47152724826194
14676,37.47152724826194
14677,37.47152724826194
14678,37.47152724826194
14679,37.47152724826194
14680,37.47152724826194
14681,37.47152724826194
14682,37.47152724826194
14694,37.47152724826194
14695,37.47152724826194
14696,37.47152724826194
14697,37.47152724826194
14794,37.47152724826194
14795,37.47152724826194
14796,37.47152724826194
14797,37.47152724826194
14831,37.47152724826194
14832,37.47152724826194
14833,37.47152724826194
14834,37.47152724826194
14835,37.47152724826194
14836,37.47152724826194
14837,37.47152724826194
14838,37.47152724826194
14839,37.47152724826194
14861,37.47152724826194
14862,37.47152724826194
14863,37.47152724826194
14864,37.47152724826194
14865,37.47152724826194
14866,37.47152724826194
14867,37.47152724826194
14868,37.47152724826194
14869,37.47152724826194
14870,37.47152724826194
14871,37.47152724826194
14872,37.47152724826194
14873,37.47152724826194
14874,37.47152724826194
14875,37.47152724826194
14876,37.47152724826194
14877,37.47152724826194
14878,37.47152724826194
14879,37.47152724826194
14880,37.47152724826194
14881,37.47152724826194
14882,37.47152724826194
14977,37.47152724826194
14978,37.47152724826194
14979,37.47152724826194
14980,37.47152724826194
14981,37.47152724826194
14982,37.47152724826194
14983,37.47152724826194
14984,37.47152724826194
14985,37.47152724826194
14986,37.47152724826194
14987,37.47152724826194
14988,37.47152724826194
15001,37.47152724826194
15002,37.47152724826194
15003,37.47152724826194
15004,37.47152724826194
15005,37.47152724826194
15006,37.47152724826194
15007,37.47152724826194
15008,37.47152724826194
15009,37.47152724826194
15010,37.47152724826194
15011,37.47152724826194
15012,37.47152724826194
15013,37.47152724826194
15014,37.47152724826194
15015,37.47152724826194
15016,37.47152724826194
15017,37.47152724826194
15018,37.47152724826194
15019,37.47152724826194
15020,37.47152724826194
15021,37.47152724826194
15022,37.47152724826194
15039,37.47152724826194
15040,37.47152724826194
15041,37.47152724826194
15042,37.47152724826194
15043,37.47152724826194
15044,37.47152724826194
15045,37.47152724826194
15120,37.47152724826194
15121,37.47152724826194
15122,37.47152724826194
15123,37.47152724826194
15136,37.47152724826194
15137,37.47152724826194
15138,37.47152724826194
15139,37.47152724826194
15140,37.47152724826194
15141,37.47152724826194
15186,37.47152724826194
15187,37.47152724826194
15188,37.47152724826194
15189,37.47152724826194
15190,37.47152724826194
15191,37.47152724826194
15192,37.47152724826194
15193,37.47152724826194
15194,37.47152724826194
15216,37.47152724826194
15217,37.47152724826194
15218,37.47152724826194
15219,37.47152724826194
15220,37.47152724826194
15221,37.47152724826194
15222,37.47152724826194
15223,37.47152724826194
15224,37.47152724826194
15225,37.47152724826194
15226,37.47152724826194
15227,37.47152724826194
15228,37.47152724826194
15229,37.47152724826194
15230,37.47152724826194
15231,37.47152724826194
15232,37.47152724826194
15233,37.47152724826194
15234,37.47152724826194
15235,37.47152724826194
15236,37.47152724826194
15237,37.47152724826194
15238,37.47152724826194
15239,37.47152724826194
15240,37.47152724826194
15241,37.47152724826194
15242,37.47152724826194
15243,37.47152724826194
15260,37.47152724826194
15261,37.47152724826194
15262,37.47152724826194
15263,37.47152724826194
15264,37.47152724826194
15265,37.47152724826194
15266,37.47152724826194
15267,37.47152724826194
15268,37.47152724826194
15269,37.47152724826194
15270,37.47152724826194
15271,37.47152724826194
15281,37.47152724826194
15282,37.47152724826194
15283,37.47152724826194
15284,37.47152724826194
15285,37.47152724826194
15286,37.47152724826194
15287,37.47152724826194
15288,37.47152724826194
15289,37.47152724826194
15290,37.47152724826194
15291,37.47152724826194
15292,37.47152724826194
15574,37.47152724826194
15575,37.47152724826194
15576,37.47152724826194
15577,37.47152724826194
15578,37.47152724826194
15579,37.47152724826194
15580,37.47152724826194
15581,37.47152724826194
15582,37.47152724826194
15583,37.47152724826194
15584,37.47152724826194
15585,37.47152724826194
15606,37.47152724826194
15607,37.47152724826194
15608,37.47152724826194
15609,37.47152724826194
15654,37.47152724826194
15655,37.47152724826194
15656,37.47152724826194
15657,37.47152724826194
15711,37.47152724826194
15712,37.47152724826194
15713,37.47152724826194
15714,37.47152724826194
15715,37.47152724826194
15716,37.47152724826194
15717,37.47152724826194
15718,37.47152724826194
15719,37.47152724826194
15720,37.47152724826194
15721,37.47152724826194
15722,37.47152724826194
15723,37.47152724826194
15724,37.47152724826194
15725,37.47152724826194
15726,37.47152724826194
15727,37.47152724826194
15728,37.47152724826194
15729,37.47152724826194
15730,37.47152724826194
15731,37.47152724826194
15732,37.47152724826194
15733,37.47152724826194
15734,37.47152724826194
15735,37.47152724826194
15736,37.47152724826194
15737,37.47152724826194
15762,37.47152724826194
15763,37.47152724826194
15764,37.47152724826194
15765,37.47152724826194
15766,37.47152724826194
15767,37.47152724826194
15768,37.47152724826194
15769,37.47152724826194
15791,37.47152724826194
15792,37.47152724826194
15793,37.47152724826194
15794,37.47152724826194
15795,37.47152724826194
15796,37.47152724826194
15797,37.47152724826194
15798,37.47152724826194
15799,37.47152724826194
15800,37.47152724826194
15801,37.47152724826194
15802,37.47152724826194
15815,37.47152724826194
15816,37.47152724826194
15817,37.47152724826194
15818,37.47152724826194
15819,37.47152724826194
15820,37.47152724826194
15821,37.47152724826194
15822,37.47152724826194
15823,37.47152724826194
15824,37.47152724826194
15825,37.47152724826194
15826,37.47152724826194
15882,37.47152724826194
15883,37.47152724826194
15884,37.47152724826194
15885,37.47152724826194
15943,37.47152724826194
15944,37.47152724826194
15945,37.47152724826194
15946,37.47152724826194
15947,37.47152724826194
15948,37.47152724826194
15949,37.47152724826194
15950,37.47152724826194
15951,37.47152724826194
15952,37.47152724826194
15953,37.47152724826194
15954,37.47152724826194
15955,37.47152724826194
15956,37.47152724826194
15957,37.47152724826194
15958,37.47152724826194
15959,37.47152724826194
15960,37.47152724826194
15961,37.47152724826194
15962,37.47152724826194
15963,37.47152724826194
15964,37.47152724826194
15965,37.47152724826194
15966,37.47152724826194
15967,37.47152724826194
15968,37.47152724826194
15969,37.47152724826194
15970,37.47152724826194
15971,37.47152724826194
15972,37.47152724826194
15973,37.47152724826194
15974,37.47152724826194
15975,37.47152724826194
15976,37.47152724826194
15977,37.47152724826194
15978,37.47152724826194
15979,37.47152724826194
15980,37.47152724826194
15981,37.47152724826194
15982,37.47152724826194
16004,37.47152724826194
16005,37.47152724826194
16006,37.47152724826194
16007,37.47152724826194
16008,37.47152724826194
16009,37.47152724826194
16010,37.47152724826194
16011,37.47152724826194
16012,37.47152724826194
16013,37.47152724826194
16018,37.47152724826194
16019,37.47152724826194
16020,37.47152724826194
16021,37.47152724826194
16061,37.47152724826194
16062,37.47152724826194
16063,37.47152724826194
16064,37.47152724826194
16065,37.47152724826194
16066,37.47152724826194
16067,37.47152724826194
16068,37.47152724826194
16069,37.47152724826194
16070,37.47152724826194
16071,37.47152724826194
16072,37.47152724826194
16073,37.47152724826194
16074,37.47152724826194
16075,37.47152724826194
16076,37.47152724826194
16133,37.47152724826194
16134,37.47152724826194
16135,37.47152724826194
16136,37.47152724826194
16137,37.47152724826194
16150,37.47152724826194
16151,37.47152724826194
16152,37.47152724826194
16153,37.47152724826194
16154,37.47152724826194
16155,37.47152724826194
16156,37.47152724826194
16157,37.47152724826194
16158,37.47152724826194
16159,37.47152724826194
16222,37.47152724826194
16223,37.47152724826194
16224,37.47152724826194
16225,37.47152724826194
16234,37.47152724826194
16235,37.47152724826194
16236,37.47152724826194
16237,37.47152724826194
16238,37.47152724826194
16239,37.47152724826194
16240,37.47152724826194
16246,37.47152724826194
16247,37.47152724826194
16248,37.47152724826194
16249,37.47152724826194
16250,37.47152724826194
16271,37.47152724826194
16272,37.47152724826194
16273,37.47152724826194
16274,37.47152724826194
16275,37.47152724826194
16276,37.47152724826194
16277,37.47152724826194
16278,37.47152724826194
16279,37.47152724826194
16280,37.47152724826194
16281,37.47152724826194
16282,37.47152724826194
16354,37.47152724826194
16355,37.47152724826194
16356,37.47152724826194
16357,37.47152724826194
16358,37.47152724826194
16359,37.47152724826194
16360,37.47152724826194
16361,37.47152724826194
16362,37.47152724826194
16363,37.47152724826194
16364,37.47152724826194
16365,37.47152724826194
16366,37.47152724826194
16383,37.47152724826194
16384,37.47152724826194
16385,37.47152724826194
16386,37.47152724826194
16387,37.47152724826194
16388,37.47152724826194
16389,37.47152724826194
16390,37.47152724826194
16391,37.47152724826194
16392,37.47152724826194
16393,37.47152724826194
16394,37.47152724826194
16395,37.47152724826194
16396,37.47152724826194
16397,37.47152724826194
16398,37.47152724826194
16399,37.47152724826194
16484,37.47152724826194
16485,37.47152724826194
16486,37.47152724826194
16487,37.47152724826194
16488,37.47152724826194
16489,37.47152724826194
16490,37.47152724826194
16503,37.47152724826194
16504,37.47152724826194
16505,37.47152724826194
16506,37.47152724826194
16521,37.47152724826194
16522,37.47152724826194
16523,37.47152724826194
16524,37.47152724826194
16525,37.47152724826194
16526,37.47152724826194
16527,37.47152724826194
16528,37.47152724826194
16529,37.47152724826194
16530,37.47152724826194
16531,37.47152724826194
16532,37.47152724826194
16538,37.47152724826194
16539,37.47152724826194
16540,37.47152724826194
16541,37.47152724826194
16542,37.47152724826194
16543,37.47152724826194
16584,37.47152724826194
16585,37.47152724826194
16586,37.47152724826194
16587,37.47152724826194
16588,37.47152724826194
16589,37.47152724826194
16590,37.47152724826194
16591,37.47152724826194
16592,37.47152724826194
16630,37.47152724826194
16631,37.47152724826194
16632,37.47152724826194
16633,37.47152724826194
16634,37.47152724826194
16635,37.47152724826194
16636,37.47152724826194
16637,37.47152724826194
16638,37.47152724826194
16639,37.47152724826194
16640,37.47152724826194
16641,37.47152724826194
16676,37.47152724826194
16677,37.47152724826194
16678,37.47152724826194
16679,37.47152724826194
16680,37.47152724826194
16681,37.47152724826194
16682,37.47152724826194
16683,37.47152724826194
16684,37.47152724826194
16685,37.47152724826194
16686,37.47152724826194
16687,37.47152724826194
16712,37.47152724826194
16713,37.47152724826194
16714,37.47152724826194
16715,37.47152724826194
16716,37.47152724826194
16717,37.47152724826194
16718,37.47152724826194
16719,37.47152724826194
16720,37.47152724826194
16721,37.47152724826194
16722,37.47152724826194
16723,37.47152724826194
16743,37.47152724826194
16744,37.47152724826194
16745,37.47152724826194
16746,37.47152724826194
16839,37.47152724826194
16840,37.47152724826194
16841,37.47152724826194
16842,37.47152724826194
16843,37.47152724826194
16844,37.47152724826194
16845,37.47152724826194
16846,37.47152724826194
16847,37.47152724826194
16848,37.47152724826194
16849,37.47152724826194
16850,37.47152724826194
16855,37.47152724826194
16856,37.47152724826194
16857,37.47152724826194
16858,37.47152724826194
16859,37.47152724826194
16860,37.47152724826194
16861,37.47152724826194
16862,37.47152724826194
16863,37.47152724826194
16864,37.47152724826194
16865,37.47152724826194
16880,37.47152724826194
16881,37.47152724826194
16882,37.47152724826194
16883,37.47152724826194
16884,37.47152724826194
16885,37.47152724826194
17000,37.47152724826194
17001,37.47152724826194
17002,37.47152724826194
17003,37.47152724826194
17004,37.47152724826194
17005,37.47152724826194
17006,37.47152724826194
17007,37.47152724826194
17008,37.47152724826194
17009,37.47152724826194
17010,37.47152724826194
17011,37.47152724826194
17072,37.47152724826194
17073,37.47152724826194
17074,37.47152724826194
17075,37.47152724826194
17076,37.47152724826194
17077,37.47152724826194
17078,37.47152724826194
17079,37.47152724826194
17162,37.47152724826194
17163,37.47152724826194
17164,37.47152724826194
17165,37.47152724826194
17166,37.47152724826194
17167,37.47152724826194
17168,37.47152724826194
17169,37.47152724826194
17236,37.47152724826194
17237,37.47152724826194
17238,37.47152724826194
17239,37.47152724826194
17240,37.47152724826194
17241,37.47152724826194
17242,37.47152724826194
17243,37.47152724826194
17244,37.47152724826194
17245,37.47152724826194
17246,37.47152724826194
17247,37.47152724826194
17248,37.47152724826194
17249,37.47152724826194
17250,37.47152724826194
17251,37.47152724826194
17252,37.47152724826194
17253,37.47152724826194
17258,37.47152724826194
17259,37.47152724826194
17260,37.47152724826194
17261,37.47152724826194
17262,37.47152724826194
17300,37.47152724826194
17301,37.47152724826194
17302,37.47152724826194
17303,37.47152724826194
17304,37.47152724826194
17305,37.47152724826194
17306,37.47152724826194
17307,37.47152724826194
17308,37.47152724826194
17309,37.47152724826194
17310,37.47152724826194
17311,37.47152724826194
17324,37.47152724826194
17325,37.47152724826194
17326,37.47152724826194
17327,37.47152724826194
17328,37.47152724826194
17329,37.47152724826194
17330,37.47152724826194
17331,37.47152724826194
17332,37.47152724826194
17333,37.47152724826194
17334,37.47152724826194
17355,37.47152724826194
17356,37.47152724826194
17357,37.47152724826194
17358,37.47152724826194
17359,37.47152724826194
17360,37.47152724826194
17361,37.47152724826194
17362,37.47152724826194
17363,37.47152724826194
17364,37.47152724826194
17365,37.47152724826194
17366,37.47152724826194
17371,37.47152724826194
17372,37.47152724826194
17373,37.47152724826194
17374,37.47152724826194
17541,37.47152724826194
17542,37.47152724826194
17543,37.47152724826194
17544,37.47152724826194
17545,37.47152724826194
17546,37.47152724826194
17547,37.47152724826194
17548,37.47152724826194
17549,37.47152724826194
17550,37.47152724826194
17551,37.47152724826194
17552,37.47152724826194
17557,37.47152724826194
17558,37.47152724826194
17559,37.47152724826194
17560,37.47152724826194
17561,37.47152724826194
17562,37.47152724826194
17563,37.47152724826194
17564,37.47152724826194
17565,37.47152724826194
17566,37.47152724826194
17567,37.47152724826194
17568,37.47152724826194
17653,37.47152724826194
17654,37.47152724826194
17655,37.47152724826194
17656,37.47152724826194
17657,37.47152724826194
17658,37.47152724826194
17659,37.47152724826194
17660,37.47152724826194
17661,37.47152724826194
17662,37.47152724826194
17663,37.47152724826194
17664,37.47152724826194
17681,37.47152724826194
17682,37.47152724826194
17683,37.47152724826194
17684,37.47152724826194
17685,37.47152724826194
17722,37.47152724826194
17723,37.47152724826194
17724,37.47152724826194
17725,37.47152724826194
17726,37.47152724826194
17727,37.47152724826194
17728,37.47152724826194
17729,37.47152724826194
17730,37.47152724826194
17731,37.47152724826194
17732,37.47152724826194
17733,37.47152724826194
17765,37.47152724826194
17766,37.47152724826194
17767,37.47152724826194
17768,37.47152724826194
17769,37.47152724826194
17770,37.47152724826194
17771,37.47152724826194
17772,37.47152724826194
17773,37.47152724826194
17774,37.47152724826194
17775,37.47152724826194
17776,37.47152724826194
17797,37.47152724826194
17798,37.47152724826194
17799,37.47152724826194
17800,37.47152724826194
17847,37.47152724826194
17848,37.47152724826194
17849,37.47152724826194
17850,37.47152724826194
17851,37.47152724826194
17852,37.47152724826194
17853,37.47152724826194
17854,37.47152724826194
17855,37.47152724826194
17882,37.47152724826194
17883,37.47152724826194
17884,37.47152724826194
17885,37.47152724826194
17886,37.47152724826194
17936,37.47152724826194
17937,37.47152724826194
17938,37.47152724826194
17939,37.47152724826194
17940,37.47152724826194
17951,37.47152724826194
17952,37.47152724826194
17953,37.47152724826194
17954,37.47152724826194
17955,37.47152724826194
17956,37.47152724826194
17957,37.47152724826194
17958,37.47152724826194
17959,37.47152724826194
17960,37.47152724826194
17961,37.47152724826194
17987,37.47152724826194
17988,37.47152724826194
17989,37.47152724826194
17990,37.47152724826194
17991,37.47152724826194
17997,37.47152724826194
17998,37.47152724826194
17999,37.47152724826194
18000,37.47152724826194
18001,37.47152724826194
18002,37.47152724826194
18003,37.47152724826194
18004,37.47152724826194
18005,37.47152724826194
18006,37.47152724826194
18007,37.47152724826194
18008,37.47152724826194
18096,37.47152724826194
18097,37.47152724826194
18098,37.47152724826194
18099,37.47152724826194
18100,37.47152724826194
18101,37.47152724826194
18102,37.47152724826194
18103,37.47152724826194
18104,37.47152724826194
18105,37.47152724826194
18106,37.47152724826194
18107,37.47152724826194
18108,37.47152724826194
18109,37.47152724826194
18110,37.47152724826194
18111,37.47152724826194
18112,37.47152724826194
18113,37.47152724826194
18124,37.47152724826194
18125,37.47152724826194
18126,37.47152724826194
18127,37.47152724826194
18128,37.47152724826194
18129,37.47152724826194
18130,37.47152724826194
18131,37.47152724826194
18132,37.47152724826194
18133,37.47152724826194
18134,37.47152724826194
18135,37.47152724826194
18184,37.47152724826194
18185,37.47152724826194
18186,37.47152724826194
18187,37.47152724826194
18188,37.47152724826194
18189,37.47152724826194
18190,37.47152724826194
18191,37.47152724826194
18192,37.47152724826194
18193,37.47152724826194
18194,37.47152724826194
18195,37.47152724826194
18221,37.47152724826194
18222,37.47152724826194
18223,37.47152724826194
18224,37.47152724826194
18321,37.47152724826194
18322,37.47152724826194
18323,37.47152724826194
18324,37.47152724826194
18325,37.47152724826194
18326,37.47152724826194
18327,37.47152724826194
18328,37.47152724826194
18329,37.47152724826194
18330,37.47152724826194
18331,37.47152724826194
18332,37.47152724826194
18391,37.47152724826194
18392,37.47152724826194
18393,37.47152724826194
18394,37.47152724826194
18395,37.47152724826194
18396,37.47152724826194
18397,37.47152724826194
18398,37.47152724826194
18399,37.47152724826194
18400,37.47152724826194
18401,37.47152724826194
18402,37.47152724826194
18403,37.47152724826194
18404,37.47152724826194
18405,37.47152724826194
18406,37.47152724826194
18407,37.47152724826194
18408,37.47152724826194
18479,37.47152724826194
18480,37.47152724826194
18481,37.47152724826194
18482,37.47152724826194
18483,37.47152724826194
18484,37.47152724826194
18485,37.47152724826194
18486,37.47152724826194
18487,37.47152724826194
18488,37.47152724826194
18489,37.47152724826194
18490,37.47152724826194
18566,37.47152724826194
18567,37.47152724826194
18568,37.47152724826194
18569,37.47152724826194
18570,37.47152724826194
18571,37.47152724826194
18572,37.47152724826194
18573,37.47152724826194
18574,37.47152724826194
18575,37.47152724826194
18576,37.47152724826194
18577,37.47152724826194
18578,37.47152724826194
18579,37.47152724826194
18580,37.47152724826194
18581,37.47152724826194
18653,37.47152724826194
18654,37.47152724826194
18655,37.47152724826194
18656,37.47152724826194
18657,37.47152724826194
18658,37.47152724826194
18659,37.47152724826194
18660,37.47152724826194
18661,37.47152724826194
18662,37.47152724826194
18663,37.47152724826194
18664,37.47152724826194
18665,37.47152724826194
18666,37.47152724826194
18667,37.47152724826194
18668,37.47152724826194
18669,37.47152724826194
18670,37.47152724826194
18671,37.47152724826194
18672,37.47152724826194
18673,37.47152724826194
18674,37.47152724826194
18757,37.47152724826194
18758,37.47152724826194
18759,37.47152724826194
18760,37.47152724826194
18761,37.47152724826194
18780,37.47152724826194
18781,37.47152724826194
18782,37.47152724826194
18783,37.47152724826194
18816,37.47152724826194
18817,37.47152724826194
18818,37.47152724826194
18819,37.47152724826194
18841,37.47152724826194
18842,37.47152724826194
18843,37.47152724826194
18844,37.47152724826194
18845,37.47152724826194
18846,37.47152724826194
18873,37.47152724826194
18874,37.47152724826194
18875,37.47152724826194
18876,37.47152724826194
18947,37.47152724826194
18948,37.47152724826194
18949,37.47152724826194
18950,37.47152724826194
18951,37.47152724826194
18952,37.47152724826194
18953,37.47152724826194
18954,37.47152724826194
18955,37.47152724826194
18956,37.47152724826194
18957,37.47152724826194
18958,37.47152724826194
18979,37.47152724826194
18980,37.47152724826194
18981,37.47152724826194
18982,37.47152724826194
18983,37.47152724826194
18984,37.47152724826194
18985,37.47152724826194
18986,37.47152724826194
18987,37.47152724826194
18988,37.47152724826194
18989,37.47152724826194
18990,37.47152724826194
18991,37.47152724826194
18992,37.47152724826194
18993,37.47152724826194
18994,37.47152724826194
18995,37.47152724826194
18996,37.47152724826194
18997,37.47152724826194
18998,37.47152724826194
18999,37.47152724826194
19000,37.47152724826194
19001,37.47152724826194
19002,37.47152724826194
19003,37.47152724826194
19004,37.47152724826194
19005,37.47152724826194
19006,37.47152724826194
19007,37.47152724826194
19008,37.47152724826194
19105,37.47152724826194
19106,37.47152724826194
19107,37.47152724826194
19108,37.47152724826194
19109,37.47152724826194
19110,37.47152724826194
19111,37.47152724826194
19112,37.47152724826194
19113,37.47152724826194
19114,37.47152724826194
19115,37.47152724826194
19116,37.47152724826194
19259,37.47152724826194
19260,37.47152724826194
19261,37.47152724826194
19262,37.47152724826194
19263,37.47152724826194
19264,37.47152724826194
19265,37.47152724826194
19266,37.47152724826194
19278,37.47152724826194
19279,37.47152724826194
19280,37.47152724826194
19281,37.47152724826194
19312,37.47152724826194
19313,37.47152724826194
19314,37.47152724826194
19315,37.47152724826194
19350,37.47152724826194
19351,37.47152724826194
19352,37.47152724826194
19353,37.47152724826194
19368,37.47152724826194
19369,37.47152724826194
19370,37.47152724826194
19371,37.47152724826194
19372,37.47152724826194
19373,37.47152724826194
19374,37.47152724826194
19375,37.47152724826194
19376,37.47152724826194
19377,37.47152724826194
19378,37.47152724826194
19379,37.47152724826194
19397,37.47152724826194
19398,37.47152724826194
19399,37.47152724826194
19400,37.47152724826194
19430,37.47152724826194
19431,37.47152724826194
19432,37.47152724826194
19433,37.47152724826194
19434,37.47152724826194
19435,37.47152724826194
19436,37.47152724826194
19437,37.47152724826194
19438,37.47152724826194
19439,37.47152724826194
19440,37.47152724826194
19441,37.47152724826194
19454,37.47152724826194
19455,37.47152724826194
19456,37.47152724826194
19457,37.47152724826194
19458,37.47152724826194
19459,37.47152724826194
19460,37.47152724826194
19461,37.47152724826194
19462,37.47152724826194
19463,37.47152724826194
19501,37.47152724826194
19502,37.47152724826194
19503,37.47152724826194
19504,37.47152724826194
19505,37.47152724826194
19506,37.47152724826194
19507,37.47152724826194
19508,37.47152724826194
19509,37.47152724826194
19510,37.47152724826194
19511,37.47152724826194
19512,37.47152724826194
19566,37.47152724826194
19567,37.47152724826194
19568,37.47152724826194
19569,37.47152724826194
19570,37.47152724826194
19571,37.47152724826194
19572,37.47152724826194
19573,37.47152724826194
19574,37.47152724826194
19575,37.47152724826194
19576,37.47152724826194
19577,37.47152724826194
19590,37.47152724826194
19591,37.47152724826194
19592,37.47152724826194
19593,37.47152724826194
19687,37.47152724826194
19688,37.47152724826194
19689,37.47152724826194
19690,37.47152724826194
19691,37.47152724826194
19692,37.47152724826194
19693,37.47152724826194
19694,37.47152724826194
19695,37.47152724826194
19696,37.47152724826194
19697,37.47152724826194
19698,37.47152724826194
19759,37.47152724826194
19760,37.47152724826194
19761,37.47152724826194
19762,37.47152724826194
19775,37.47152724826194
19776,37.47152724826194
19777,37.47152724826194
19778,37.47152724826194
19914,37.47152724826194
19915,37.47152724826194
19916,37.47152724826194
19917,37.47152724826194
19926,37.47152724826194
19927,37.47152724826194
19928,37.47152724826194
19929,37.47152724826194
19930,37.47152724826194
19931,37.47152724826194
19932,37.47152724826194
19933,37.47152724826194
19934,37.47152724826194
19935,37.47152724826194
19936,37.47152724826194
19937,37.47152724826194
20000,37.47152724826194
20001,37.47152724826194
20002,37.47152724826194
20003,37.47152724826194
20004,37.47152724826194
20005,37.47152724826194
20006,37.47152724826194
20007,37.47152724826194
20008,37.47152724826194
20009,37.47152724826194
20010,37.47152724826194
20011,37.47152724826194
20012,37.47152724826194
20013,37.47152724826194
20014,37.47152724826194
20015,37.47152724826194
20016,37.47152724826194
20017,37.47152724826194
20018,37.47152724826194
20019,37.47152724826194
20020,37.47152724826194
20021,37.47152724826194
20068,37.47152724826194
20069,37.47152724826194
20070,37.47152724826194
20071,37.47152724826194
20072,37.47152724826194
20073,37.47152724826194
20095,37.47152724826194
20096,37.47152724826194
20097,37.47152724826194
20098,37.47152724826194
20147,37.47152724826194
20148,37.47152724826194
20149,37.47152724826194
20150,37.47152724826194
20151,37.47152724826194
20164,37.47152724826194
20165,37.47152724826194
20166,37.47152724826194
20167,37.47152724826194
20168,37.47152724826194
20169,37.47152724826194
20170,37.47152724826194
20171,37.47152724826194
20172,37.47152724826194
20173,37.47152724826194
20174,37.47152724826194
20175,37.47152724826194
20245,37.47152724826194
20246,37.47152724826194
20247,37.47152724826194
20248,37.47152724826194
20249,37.47152724826194
20250,37.47152724826194
20251,37.47152724826194
20252,37.47152724826194
20253,37.47152724826194
20254,37.47152724826194
20255,37.47152724826194
20256,37.47152724826194
20285,37.47152724826194
20286,37.47152724826194
20287,37.47152724826194
20288,37.47152724826194
20289,37.47152724826194
20310,37.47152724826194
20311,37.47152724826194
20312,37.47152724826194
20313,37.47152724826194
20343,37.47152724826194
20344,37.47152724826194
20345,37.47152724826194
20346,37.47152724826194
20437,37.47152724826194
20438,37.47152724826194
20439,37.47152724826194
20440,37.47152724826194
20441,37.47152724826194
20442,37.47152724826194
20447,37.47152724826194
20448,37.47152724826194
20449,37.47152724826194
20450,37.47152724826194
20507,37.47152724826194
20508,37.47152724826194
20509,37.47152724826194
20510,37.47152724826194
20557,37.47152724826194
20558,37.47152724826194
20559,37.47152724826194
20560,37.47152724826194
20561,37.47152724826194
20562,37.47152724826194
20563,37.47152724826194
20611,37.47152724826194
20612,37.47152724826194
20613,37.47152724826194
20614,37.47152724826194
20615,37.47152724826194
20616,37.47152724826194
20738,37.47152724826194
20739,37.47152724826194
20740,37.47152724826194
20741,37.47152724826194
20762,37.47152724826194
20763,37.47152724826194
20764,37.47152724826194
20765,37.47152724826194
20766,37.47152724826194
20767,37.47152724826194
20768,37.47152724826194
20769,37.47152724826194
20770,37.47152724826194
20771,37.47152724826194
20772,37.47152724826194
20773,37.47152724826194
20790,37.47152724826194
20791,37.47152724826194
20792,37.47152724826194
20793,37.47152724826194
20888,37.47152724826194
20889,37.47152724826194
20890,37.47152724826194
20891,37.47152724826194
20892,37.47152724826194
20893,37.47152724826194
20894,37.47152724826194
20895,37.47152724826194
20900,37.47152724826194
20901,37.47152724826194
20902,37.47152724826194
20903,37.47152724826194
20904,37.47152724826194
20905,37.47152724826194
20906,37.47152724826194
20907,37.47152724826194
20908,37.47152724826194
20909,37.47152724826194
20953,37.47152724826194
20954,37.47152724826194
20955,37.47152724826194
20956,37.47152724826194
20957,37.47152724826194
20982,37.47152724826194
20983,37.47152724826194
20984,37.47152724826194
20985,37.47152724826194
20990,37.47152724826194
20991,37.47152724826194
20992,37.47152724826194
20993,37.47152724826194
20999,37.47152724826194
21000,37.47152724826194
21001,37.47152724826194
21002,37.47152724826194
21007,37.47152724826194
21008,37.47152724826194
21009,37.47152724826194
21010,37.47152724826194
21047,37.47152724826194
21048,37.47152724826194
21049,37.47152724826194
21050,37.47152724826194
21051,37.47152724826194
21052,37.47152724826194
21053,37.47152724826194
21054,37.47152724826194
21055,37.47152724826194
21056,37.47152724826194
21057,37.47152724826194
21058,37.47152724826194
21059,37.47152724826194
21060,37.47152724826194
21061,37.47152724826194
21089,37.47152724826194
21090,37.47152724826194
21091,37.47152724826194
21092,37.47152724826194
21093,37.47152724826194
21094,37.47152724826194
21095,37.47152724826194
21122,37.47152724826194
21123,37.47152724826194
21124,37.47152724826194
21125,37.47152724826194
21126,37.47152724826194
21127,37.47152724826194
21128,37.47152724826194
21129,37.47152724826194
21130,37.47152724826194
21131,37.47152724826194
21132,37.47152724826194
21133,37.47152724826194
21189,37.47152724826194
21190,37.47152724826194
21191,37.47152724826194
21192,37.47152724826194
21193,37.47152724826194
21194,37.47152724826194
21195,37.47152724826194
21196,37.47152724826194
21197,37.47152724826194
21198,37.47152724826194
21199,37.47152724826194
21200,37.47152724826194
21234,37.47152724826194
21235,37.47152724826194
21236,37.47152724826194
21237,37.47152724826194
21238,37.47152724826194
21239,37.47152724826194
21240,37.47152724826194
21241,37.47152724826194
21242,37.47152724826194
21243,37.47152724826194
21244,37.47152724826194
21245,37.47152724826194
21246,37.47152724826194
21247,37.47152724826194
21248,37.47152724826194
21249,37.47152724826194
21250,37.47152724826194
21251,37.47152724826194
21252,37.47152724826194
21253,37.47152724826194
21254,37.47152724826194
21321,37.47152724826194
21322,37.47152724826194
21323,37.47152724826194
21324,37.47152724826194
21325,37.47152724826194
21326,37.47152724826194
21327,37.47152724826194
21328,37.47152724826194
21329,37.47152724826194
21330,37.47152724826194
21331,37.47152724826194
21332,37.47152724826194
21421,37.47152724826194
21422,37.47152724826194
21423,37.47152724826194
21424,37.47152724826194
21469,37.47152724826194
21470,37.47152724826194
21471,37.47152724826194
21472,37.47152724826194
21473,37.47152724826194
21474,37.47152724826194
21475,37.47152724826194
21476,37.47152724826194
21477,37.47152724826194
21478,37.47152724826194
21491,37.47152724826194
21492,37.47152724826194
21493,37.47152724826194
21494,37.47152724826194
21495,37.47152724826194
21496,37.47152724826194
21497,37.47152724826194
21498,37.47152724826194
21499,37.47152724826194
21500,37.47152724826194
21501,37.47152724826194
21502,37.47152724826194
21553,37.47152724826194
21554,37.47152724826194
21555,37.47152724826194
21556,37.47152724826194
21557,37.47152724826194
21558,37.47152724826194
21559,37.47152724826194
21560,37.47152724826194
21605,37.47152724826194
21606,37.47152724826194
21607,37.47152724826194
21608,37.47152724826194
21609,37.47152724826194
21610,37.47152724826194
21611,37.47152724826194
21686,37.47152724826194
21687,37.47152724826194
21688,37.47152724826194
21689,37.47152724826194
21690,37.47152724826194
21691,37.47152724826194
21692,37.47152724826194
21693,37.47152724826194
21694,37.47152724826194
21695,37.47152724826194
21696,37.47152724826194
21697,37.47152724826194
21698,37.47152724826194
21699,37.47152724826194
21700,37.47152724826194
21701,37.47152724826194
21735,37.47152724826194
21736,37.47152724826194
21737,37.47152724826194
21738,37.47152724826194
21739,37.47152724826194
21740,37.47152724826194
21741,37.47152724826194
21742,37.47152724826194
21743,37.47152724826194
21744,37.47152724826194
21745,37.47152724826194
21746,37.47152724826194
21840,37.47152724826194
21841,37.47152724826194
21842,37.47152724826194
21843,37.47152724826194
21844,37.47152724826194
21845,37.47152724826194
21875,37.47152724826194
21876,37.47152724826194
21877,37.47152724826194
21878,37.47152724826194
21879,37.47152724826194
21880,37.47152724826194
21891,37.47152724826194
21892,37.47152724826194
21893,37.47152724826194
21894,37.47152724826194
21934,37.47152724826194
21935,37.47152724826194
21936,37.47152724826194
21937,37.47152724826194
21938,37.47152724826194
21939,37.47152724826194
21940,37.47152724826194
21941,37.47152724826194
21942,37.47152724826194
21943,37.47152724826194
21944,37.47152724826194
21945,37.47152724826194
22029,37.47152724826194
22030,37.47152724826194
22031,37.47152724826194
22032,37.47152724826194
22033,37.47152724826194
22034,37.47152724826194
22208,37.47152724826194
22209,37.47152724826194
22210,37.47152724826194
22211,37.47152724826194
22212,37.47152724826194
22213,37.47152724826194
22214,37.47152724826194
22215,37.47152724826194
22216,37.47152724826194
22217,37.47152724826194
22218,37.47152724826194
22219,37.47152724826194
22220,37.47152724826194
22221,37.47152724826194
22222,37.47152724826194
22223,37.47152724826194
22224,37.47152724826194
22225,37.47152724826194
22226,37.47152724826194
22227,37.47152724826194
22244,37.47152724826194
22245,37.47152724826194
22246,37.47152724826194
22247,37.47152724826194
22248,37.47152724826194
22249,37.47152724826194
22250,37.47152724826194
22251,37.47152724826194
22252,37.47152724826194
22253,37.47152724826194
22254,37.47152724826194
22255,37.47152724826194
22256,37.47152724826194
22257,37.47152724826194
22258,37.47152724826194
22259,37.47152724826194
22296,37.47152724826194
22297,37.47152724826194
22298,37.47152724826194
22299,37.47152724826194
22300,37.47152724826194
22301,37.47152724826194
22302,37.47152724826194
22430,37.47152724826194
22431,37.47152724826194
22432,37.47152724826194
22433,37.47152724826194
22450,37.47152724826194
22451,37.47152724826194
22452,37.47152724826194
22453,37.47152724826194
22454,37.47152724826194
22455,37.47152724826194
22456,37.47152724826194
22457,37.47152724826194
22458,37.47152724826194
22459,37.47152724826194
22460,37.47152724826194
22484,37.47152724826194
22485,37.47152724826194
22486,37.47152724826194
22487,37.47152724826194
22488,37.47152724826194
22489,37.47152724826194
22494,37.47152724826194
22495,37.47152724826194
22496,37.47152724826194
22497,37.47152724826194
22498,37.47152724826194
22499,37.47152724826194
22500,37.47152724826194
22501,37.47152724826194
22502,37.47152724826194
22503,37.47152724826194
22504,37.47152724826194
22505,37.47152724826194
22518,37.47152724826194
22519,37.47152724826194
22520,37.47152724826194
22521,37.47152724826194
22522,37.47152724826194
22523,37.47152724826194
22524,37.47152724826194
22525,37.47152724826194
22526,37.47152724826194
22527,37.47152724826194
22528,37.47152724826194
22529,37.47152724826194
22681,37.47152724826194
22682,37.47152724826194
22683,37.47152724826194
22684,37.47152724826194
22685,37.47152724826194
22686,37.47152724826194
22687,37.47152724826194
22688,37.47152724826194
22689,37.47152724826194
22690,37.47152724826194
22691,37.47152724826194
22692,37.47152724826194
22693,37.47152724826194
22694,37.47152724826194
22695,37.47152724826194
22696,37.47152724826194
22723,37.47152724826194
22724,37.47152724826194
22725,37.47152724826194
22726,37.47152724826194
22727,37.47152724826194
22770,37.47152724826194
22771,37.47152724826194
22772,37.47152724826194
22773,37.47152724826194
22774,37.47152724826194
22775,37.47152724826194
22780,37.47152724826194
22781,37.47152724826194
22782,37.47152724826194
22783,37.47152724826194
22784,37.47152724826194
22785,37.47152724826194
22786,37.47152724826194
22787,37.47152724826194
22788,37.47152724826194
22789,37.47152724826194
22790,37.47152724826194
22791,37.47152724826194
22792,37.47152724826194
22793,37.47152724826194
22794,37.47152724826194
22795,37.47152724826194
22796,37.47152724826194
22797,37.47152724826194
22798,37.47152724826194
22799,37.47152724826194
22800,37.47152724826194
22801,37.47152724826194
22802,37.47152724826194
22803,37.47152724826194
22839,37.47152724826194
22840,37.47152724826194
22841,37.47152724826194
22842,37.47152724826194
22843,37.47152724826194
22844,37.47152724826194
22845,37.47152724826194
22846,37.47152724826194
22847,37.47152724826194
22848,37.47152724826194
22849,37.47152724826194
22857,37.47152724826194
22858,37.47152724826194
22859,37.47152724826194
22860,37.47152724826194
22874,37.47152724826194
22875,37.47152724826194
22876,37.47152724826194
22877,37.47152724826194
22878,37.47152724826194
22879,37.47152724826194
22888,37.47152724826194
22889,37.47152724826194
22890,37.47152724826194
22891,37.47152724826194
22892,37.47152724826194
22893,37.47152724826194
22894,37.47152724826194
22895,37.47152724826194
22896,37.47152724826194
22912,37.47152724826194
22913,37.47152724826194
22914,37.47152724826194
22915,37.47152724826194
22916,37.47152724826194
22917,37.47152724826194
22918,37.47152724826194
22919,37.47152724826194
22920,37.47152724826194
22921,37.47152724826194
22922,37.47152724826194
22923,37.47152724826194
22964,37.47152724826194
22965,37.47152724826194
22966,37.47152724826194
22967,37.47152724826194
22968,37.47152724826194
22985,37.47152724826194
22986,37.47152724826194
22987,37.47152724826194
22988,37.47152724826194
23022,37.47152724826194
23023,37.47152724826194
23024,37.47152724826194
23025,37.47152724826194
23026,37.47152724826194
23027,37.47152724826194
23028,37.47152724826194
23029,37.47152724826194
23030,37.47152724826194
23031,37.47152724826194
23032,37.47152724826194
23033,37.47152724826194
23034,37.47152724826194
23035,37.47152724826194
23036,37.47152724826194
23037,37.47152724826194
23038,37.47152724826194
23112,37.47152724826194
23113,37.47152724826194
23114,37.47152724826194
23115,37.47152724826194
23144,37.47152724826194
23145,37.47152724826194
23146,37.47152724826194
23147,37.47152724826194
23148,37.47152724826194
23149,37.47152724826194
23150,37.47152724826194
23151,37.47152724826194
23152,37.47152724826194
23153,37.47152724826194
23154,37.47152724826194
23155,37.47152724826194
23178,37.47152724826194
23179,37.47152724826194
23180,37.47152724826194
23181,37.47152724826194
23182,37.47152724826194
23183,37.47152724826194
23184,37.47152724826194
23185,37.47152724826194
23186,37.47152724826194
23187,37.47152724826194
23188,37.47152724826194
23189,37.47152724826194
23190,37.47152724826194
23191,37.47152724826194
23192,37.47152724826194
23193,37.47152724826194
23194,37.47152724826194
23195,37.47152724826194
23196,37.47152724826194
23197,37.47152724826194
23198,37.47152724826194
23199,37.47152724826194
23200,37.47152724826194
23224,37.47152724826194
23225,37.47152724826194
23226,37.47152724826194
23227,37.47152724826194
23261,37.47152724826194
23262,37.47152724826194
23263,37.47152724826194
23264,37.47152724826194
23265,37.47152724826194
23266,37.47152724826194
23267,37.47152724826194
23268,37.47152724826194
23269,37.47152724826194
23270,37.47152724826194
23271,37.47152724826194
23272,37.47152724826194
23301,37.47152724826194
23302,37.47152724826194
23303,37.47152724826194
23304,37.47152724826194
23305,37.47152724826194
23306,37.47152724826194
23307,37.47152724826194
23308,37.47152724826194
23309,37.47152724826194
23310,37.47152724826194
23311,37.47152724826194
23312,37.47152724826194
23313,37.47152724826194
23314,37.47152724826194
23315,37.47152724826194
23316,37.47152724826194
23317,37.47152724826194
23318,37.47152724826194
23319,37.47152724826194
23320,37.47152724826194
23321,37.47152724826194
23322,37.47152724826194
23323,37.47152724826194
23336,37.47152724826194
23337,37.47152724826194
23338,37.47152724826194
23339,37.47152724826194
23340,37.47152724826194
23341,37.47152724826194
23342,37.47152724826194
23343,37.47152724826194
23344,37.47152724826194
23345,37.47152724826194
23346,37.47152724826194
23347,37.47152724826194
23360,37.47152724826194
23361,37.47152724826194
23362,37.47152724826194
23363,37.47152724826194
23364,37.47152724826194
23365,37.47152724826194
23366,37.47152724826194
23367,37.47152724826194
23368,37.47152724826194
23369,37.47152724826194
23370,37.47152724826194
23381,37.47152724826194
23382,37.47152724826194
23383,37.47152724826194
23384,37.47152724826194
23385,37.47152724826194
23386,37.47152724826194
23387,37.47152724826194
23388,37.47152724826194
23389,37.47152724826194
23390,37.47152724826194
23391,37.47152724826194
23392,37.47152724826194
23442,37.47152724826194
23443,37.47152724826194
23444,37.47152724826194
23445,37.47152724826194
23506,37.47152724826194
23507,37.47152724826194
23508,37.47152724826194
23509,37.47152724826194
23510,37.47152724826194
23511,37.47152724826194
23512,37.47152724826194
23513,37.47152724826194
23514,37.47152724826194
23515,37.47152724826194
23516,37.47152724826194
23517,37.47152724826194
23552,37.47152724826194
23553,37.47152724826194
23554,37.47152724826194
23555,37.47152724826194
23556,37.47152724826194
23557,37.47152724826194
23558,37.47152724826194
23559,37.47152724826194
23560,37.47152724826194
23561,37.47152724826194
23562,37.47152724826194
23563,37.47152724826194
23564,37.47152724826194
23565,37.47152724826194
23566,37.47152724826194
23567,37.47152724826194
23568,37.47152724826194
23569,37.47152724826194
23570,37.47152724826194
23571,37.47152724826194
23572,37.47152724826194
23573,37.47152724826194
23574,37.47152724826194
23575,37.47152724826194
23604,37.47152724826194
23605,37.47152724826194
23606,37.47152724826194
23607,37.47152724826194
23608,37.47152724826194
23609,37.47152724826194
23614,37.47152724826194
23615,37.47152724826194
23616,37.47152724826194
23617,37.47152724826194
23618,37.47152724826194
23619,37.47152724826194
23620,37.47152724826194
23621,37.47152724826194
23622,37.47152724826194
23623,37.47152724826194
23624,37.47152724826194
23625,37.47152724826194
23655,37.47152724826194
23656,37.47152724826194
23657,37.47152724826194
23658,37.47152724826194
23659,37.47152724826194
23660,37.47152724826194
23661,37.47152724826194
23662,37.47152724826194
23663,37.47152724826194
23664,37.47152724826194
23665,37.47152724826194
23666,37.47152724826194
23667,37.47152724826194
23668,37.47152724826194
23669,37.47152724826194
23670,37.47152724826194
23671,37.47152724826194
23672,37.47152724826194
23673,37.47152724826194
23686,37.47152724826194
23687,37.47152724826194
23688,37.47152724826194
23689,37.47152724826194
23690,37.47152724826194
23691,37.47152724826194
23692,37.47152724826194
23693,37.47152724826194
23694,37.47152724826194
23695,37.47152724826194
23696,37.47152724826194
23697,37.47152724826194
23711,37.47152724826194
23712,37.47152724826194
23713,37.47152724826194
23714,37.47152724826194
23715,37.47152724826194
23716,37.47152724826194
23717,37.47152724826194
23718,37.47152724826194
23719,37.47152724826194
23720,37.47152724826194
23721,37.47152724826194
23722,37.47152724826194
23809,37.47152724826194
23810,37.47152724826194
23811,37.47152724826194
23812,37.47152724826194
23813,37.47152724826194
23814,37.47152724826194
23815,37.47152724826194
23816,37.47152724826194
23817,37.47152724826194
23818,37.47152724826194
23845,37.47152724826194
23846,37.47152724826194
23847,37.47152724826194
23848,37.47152724826194
23849,37.47152724826194
23850,37.47152724826194
23851,37.47152724826194
23852,37.47152724826194
23853,37.47152724826194
23854,37.47152724826194
23855,37.47152724826194
23856,37.47152724826194
23890,37.47152724826194
23891,37.47152724826194
23892,37.47152724826194
23893,37.47152724826194
23894,37.47152724826194
23895,37.47152724826194
23896,37.47152724826194
23897,37.47152724826194
23898,37.47152724826194
23899,37.47152724826194
23900,37.47152724826194
23901,37.47152724826194
23946,37.47152724826194
23947,37.47152724826194
23948,37.47152724826194
23949,37.47152724826194
23950,37.47152724826194
23951,37.47152724826194
23952,37.47152724826194
23953,37.47152724826194
23954,37.47152724826194
23955,37.47152724826194
23956,37.47152724826194
23957,37.47152724826194
23958,37.47152724826194
23959,37.47152724826194
23960,37.47152724826194
23961,37.47152724826194
23962,37.47152724826194
23963,37.47152724826194
23964,37.47152724826194
23965,37.47152724826194
23978,37.47152724826194
23979,37.47152724826194
23980,37.47152724826194
23981,37.47152724826194
23982,37.47152724826194
23983,37.47152724826194
23988,37.47152724826194
23989,37.47152724826194
23990,37.47152724826194
23991,37.47152724826194
23992,37.47152724826194
23993,37.47152724826194
23994,37.47152724826194
23995,37.47152724826194
23996,37.47152724826194
23997,37.47152724826194
23998,37.47152724826194
23999,37.47152724826194
24034,37.47152724826194
24035,37.47152724826194
24036,37.47152724826194
24037,37.47152724826194
24047,37.47152724826194
24048,37.47152724826194
24049,37.47152724826194
24050,37.47152724826194
24051,37.47152724826194
24052,37.47152724826194
24053,37.47152724826194
24054,37.47152724826194
24055,37.47152724826194
24056,37.47152724826194
24057,37.47152724826194
24058,37.47152724826194
24147,37.47152724826194
24148,37.47152724826194
24149,37.47152724826194
24150,37.47152724826194
24151,37.47152724826194
24152,37.47152724826194
24153,37.47152724826194
24154,37.47152724826194
24155,37.47152724826194
24172,37.47152724826194
24173,37.47152724826194
24174,37.47152724826194
24175,37.47152724826194
24176,37.47152724826194
24177,37.47152724826194
24178,37.47152724826194
24179,37.47152724826194
24180,37.47152724826194
24181,37.47152724826194
24182,37.47152724826194
24183,37.47152724826194
24184,37.47152724826194
24185,37.47152724826194
24186,37.47152724826194
24187,37.47152724826194
24188,37.47152724826194
24189,37.47152724826194
24190,37.47152724826194
24191,37.47152724826194
24192,37.47152724826194
24193,37.47152724826194
24194,37.47152724826194
24195,37.47152724826194
24201,37.47152724826194
24202,37.47152724826194
24203,37.47152724826194
24204,37.47152724826194
24224,37.47152724826194
24225,37.47152724826194
24226,37.47152724826194
24227,37.47152724826194
24228,37.47152724826194
24229,37.47152724826194
24230,37.47152724826194
24231,37.47152724826194
24232,37.47152724826194
24233,37.47152724826194
24248,37.47152724826194
24249,37.47152724826194
24250,37.47152724826194
24251,37.47152724826194
24252,37.47152724826194
24253,37.47152724826194
24254,37.47152724826194
24255,37.47152724826194
24256,37.47152724826194
24257,37.47152724826194
24258,37.47152724826194
24259,37.47152724826194
24260,37.47152724826194
24261,37.47152724826194
24262,37.47152724826194
24263,37.47152724826194
24264,37.47152724826194
24265,37.47152724826194
24266,37.47152724826194
24303,37.47152724826194
24304,37.47152724826194
24305,37.47152724826194
24306,37.47152724826194
24307,37.47152724826194
24308,37.47152724826194
24309,37.47152724826194
24310,37.47152724826194
24311,37.47152724826194
24312,37.47152724826194
24313,37.47152724826194
24314,37.47152724826194
24315,37.47152724826194
24316,37.47152724826194
24317,37.47152724826194
24318,37.47152724826194
24319,37.47152724826194
24320,37.47152724826194
24321,37.47152724826194
24322,37.47152724826194
24323,37.47152724826194
24324,37.47152724826194
24325,37.47152724826194
24326,37.47152724826194
24327,37.47152724826194
24328,37.47152724826194
24329,37.47152724826194
24330,37.47152724826194
24331,37.47152724826194
24332,37.47152724826194
24333,37.47152724826194
24334,37.47152724826194
24370,37.47152724826194
24371,37.47152724826194
24372,37.47152724826194
24373,37.47152724826194
24392,37.47152724826194
24393,37.47152724826194
24394,37.47152724826194
24395,37.47152724826194
24436,37.47152724826194
24437,37.47152724826194
24438,37.47152724826194
24439,37.47152724826194
24456,37.47152724826194
24457,37.47152724826194
24458,37.47152724826194
24459,37.47152724826194
24492,37.47152724826194
24493,37.47152724826194
24494,37.47152724826194
24495,37.47152724826194
24496,37.47152724826194
24657,37.47152724826194
24658,37.47152724826194
24659,37.47152724826194
24660,37.47152724826194
24750,37.47152724826194
24751,37.47152724826194
24752,37.47152724826194
24753,37.47152724826194
24754,37.47152724826194
24755,37.47152724826194
24756,37.47152724826194
24829,37.47152724826194
24830,37.47152724826194
24831,37.47152724826194
24832,37.47152724826194
24833,37.47152724826194
24834,37.47152724826194
24835,37.47152724826194
24836,37.47152724826194
24837,37.47152724826194
24838,37.47152724826194
24839,37.47152724826194
24840,37.47152724826194
24841,37.47152724826194
24939,37.47152724826194
24940,37.47152724826194
24941,37.47152724826194
24942,37.47152724826194
24943,37.47152724826194
24944,37.47152724826194
24945,37.47152724826194
24946,37.47152724826194
24947,37.47152724826194
24948,37.47152724826194
24949,37.47152724826194
24950,37.47152724826194
24989,37.47152724826194
24990,37.47152724826194
24991,37.47152724826194
24992,37.47152724826194
24993,37.47152724826194
24994,37.47152724826194
24995,37.47152724826194
24996,37.47152724826194
24997,37.47152724826194
24998,37.47152724826194
24999,37.47152724826194
25000,37.47152724826194
25076,37.47152724826194
25077,37.47152724826194
25078,37.47152724826194
25079,37.47152724826194
25080,37.47152724826194
25081,37.47152724826194
25082,37.47152724826194
25083,37.47152724826194
25084,37.47152724826194
25085,37.47152724826194
25086,37.47152724826194
25087,37.47152724826194
25144,37.47152724826194
25145,37.47152724826194
25146,37.47152724826194
25147,37.47152724826194
25148,37.47152724826194
25149,37.47152724826194
25150,37.47152724826194
25151,37.47152724826194
25152,37.47152724826194
25153,37.47152724826194
25154,37.47152724826194
25155,37.47152724826194
25182,37.47152724826194
25183,37.47152724826194
25184,37.47152724826194
25185,37.47152724826194
25186,37.47152724826194
25187,37.47152724826194
25200,37.47152724826194
25201,37.47152724826194
25202,37.47152724826194
25203,37.47152724826194
25204,37.47152724826194
25205,37.47152724826194
25206,37.47152724826194
25207,37.47152724826194
25208,37.47152724826194
25209,37.47152724826194
25210,37.47152724826194
25211,37.47152724826194
25212,37.47152724826194
25213,37.47152724826194
25214,37.47152724826194
25215,37.47152724826194
25216,37.47152724826194
25217,37.47152724826194
25218,37.47152724826194
25219,37.47152724826194
25220,37.47152724826194
25221,37.47152724826194
25222,37.47152724826194
25223,37.47152724826194
25224,37.47152724826194
25225,37.47152724826194
25226,37.47152724826194
25279,37.47152724826194
25280,37.47152724826194
25281,37.47152724826194
25282,37.47152724826194
25283,37.47152724826194
25284,37.47152724826194
25285,37.47152724826194
25286,37.47152724826194
25403,37.47152724826194
25404,37.47152724826194
25405,37.47152724826194
25406,37.47152724826194
25407,37.47152724826194
25565,37.47152724826194
25566,37.47152724826194
25567,37.47152724826194
25568,37.47152724826194
25569,37.47152724826194
25570,37.47152724826194
25571,37.47152724826194
25707,37.47152724826194
25708,37.47152724826194
25709,37.47152724826194
25710,37.47152724826194
25827,37.47152724826194
25828,37.47152724826194
25829,37.47152724826194
25830,37.47152724826194
25831,37.47152724826194
25832,37.47152724826194
25892,37.47152724826194
25893,37.47152724826194
25894,37.47152724826194
25895,37.47152724826194
25896,37.47152724826194
25897,37.47152724826194
25898,37.47152724826194
25899,37.47152724826194
25900,37.47152724826194
25901,37.47152724826194
25902,37.47152724826194
25903,37.47152724826194
25904,37.47152724826194
25905,37.47152724826194
25906,37.47152724826194
25907,37.47152724826194
25949,37.47152724826194
25950,37.47152724826194
25951,37.47152724826194
25952,37.47152724826194
25974,37.47152724826194
25975,37.47152724826194
25976,37.47152724826194
25977,37.47152724826194
26011,37.47152724826194
26012,37.47152724826194
26013,37.47152724826194
26014,37.47152724826194
26113,37.47152724826194
26114,37.47152724826194
26115,37.47152724826194
26116,37.47152724826194
26117,37.47152724826194
26118,37.47152724826194
26119,37.47152724826194
26120,37.47152724826194
26121,37.47152724826194
26122,37.47152724826194
26123,37.47152724826194
26124,37.47152724826194
26140,37.47152724826194
26141,37.47152724826194
26142,37.47152724826194
26143,37.47152724826194
26144,37.47152724826194
26145,37.47152724826194
26146,37.47152724826194
26147,37.47152724826194
26148,37.47152724826194
26149,37.47152724826194
26150,37.47152724826194
26241,37.47152724826194
26242,37.47152724826194
26243,37.47152724826194
26244,37.47152724826194
26245,37.47152724826194
26246,37.47152724826194
26247,37.47152724826194
26248,37.47152724826194
26249,37.47152724826194
26250,37.47152724826194
26251,37.47152724826194
26252,37.47152724826194
26289,37.47152724826194
26290,37.47152724826194
26291,37.47152724826194
26292,37.47152724826194
26293,37.47152724826194
26294,37.47152724826194
26295,37.47152724826194
26296,37.47152724826194
26297,37.47152724826194
26298,37.47152724826194
26299,37.47152724826194
26300,37.47152724826194
26315,37.47152724826194
26316,37.47152724826194
26317,37.47152724826194
26318,37.47152724826194
26319,37.47152724826194
26320,37.47152724826194
26321,37.47152724826194
26322,37.47152724826194
26323,37.47152724826194
26324,37.47152724826194
26325,37.47152724826194
26326,37.47152724826194
26455,37.47152724826194
26456,37.47152724826194
26457,37.47152724826194
26458,37.47152724826194
26459,37.47152724826194
26460,37.47152724826194
26461,37.47152724826194
26462,37.47152724826194
26463,37.47152724826194
26508,37.47152724826194
26509,37.47152724826194
26510,37.47152724826194
26511,37.47152724826194
26512,37.47152724826194
26513,37.47152724826194
26514,37.47152724826194
26515,37.47152724826194
26516,37.47152724826194
26517,37.47152724826194
26518,37.47152724826194
26519,37.47152724826194
26520,37.47152724826194
26521,37.47152724826194
26522,37.47152724826194
26523,37.47152724826194
26524,37.47152724826194
26525,37.47152724826194
26526,37.47152724826194
26527,37.47152724826194
26528,37.47152724826194
26529,37.47152724826194
26530,37.47152724826194
26531,37.47152724826194
26564,37.47152724826194
26565,37.47152724826194
26566,37.47152724826194
26567,37.47152724826194
26568,37.47152724826194
26569,37.47152724826194
26570,37.47152724826194
26571,37.47152724826194
26572,37.47152724826194
26573,37.47152724826194
26574,37.47152724826194
26575,37.47152724826194
26576,37.47152724826194
26577,37.47152724826194
26578,37.47152724826194
26579,37.47152724826194
26580,37.47152724826194
26581,37.47152724826194
26582,37.47152724826194
26583,37.47152724826194
26584,37.47152724826194
26585,37.47152724826194
26586,37.47152724826194
26587,37.47152724826194
26629,37.47152724826194
26630,37.47152724826194
26631,37.47152724826194
26632,37.47152724826194
26633,37.47152724826194
26634,37.47152724826194
26635,37.47152724826194
26636,37.47152724826194
26641,37.47152724826194
26642,37.47152724826194
26643,37.47152724826194
26644,37.47152724826194
26645,37.47152724826194
26704,37.47152724826194
26705,37.47152724826194
26706,37.47152724826194
26707,37.47152724826194
26708,37.47152724826194
26739,37.47152724826194
26740,37.47152724826194
26741,37.47152724826194
26742,37.47152724826194
26779,37.47152724826194
26780,37.47152724826194
26781,37.47152724826194
26782,37.47152724826194
26783,37.47152724826194
26784,37.47152724826194
26785,37.47152724826194
26786,37.47152724826194
26787,37.47152724826194
26788,37.47152724826194
26789,37.47152724826194
26790,37.47152724826194
26819,37.47152724826194
26820,37.47152724826194
26821,37.47152724826194
26822,37.47152724826194
26839,37.47152724826194
26840,37.47152724826194
26841,37.47152724826194
26842,37.47152724826194
26851,37.47152724826194
26852,37.47152724826194
26853,37.47152724826194
26854,37.47152724826194
26855,37.47152724826194
26856,37.47152724826194
26857,37.47152724826194
26858,37.47152724826194
26859,37.47152724826194
26860,37.47152724826194
26861,37.47152724826194
26862,37.47152724826194
26863,37.47152724826194
26864,37.47152724826194
26865,37.47152724826194
26866,37.47152724826194
26909,37.47152724826194
26910,37.47152724826194
26911,37.47152724826194
26912,37.47152724826194
26913,37.47152724826194
26914,37.47152724826194
26915,37.47152724826194
26916,37.47152724826194
26917,37.47152724826194
26918,37.47152724826194
26919,37.47152724826194
26920,37.47152724826194
27006,37.47152724826194
27007,37.47152724826194
27008,37.47152724826194
27009,37.47152724826194
27028,37.47152724826194
27029,37.47152724826194
27030,37.47152724826194
27031,37.47152724826194
27047,37.47152724826194
27048,37.47152724826194
27049,37.47152724826194
27050,37.47152724826194
27051,37.47152724826194
27052,37.47152724826194
27053,37.47152724826194
27054,37.47152724826194
27125,37.47152724826194
27126,37.47152724826194
27127,37.47152724826194
27128,37.47152724826194
27129,37.47152724826194
27130,37.47152724826194
27131,37.47152724826194
27132,37.47152724826194
27133,37.47152724826194
27134,37.47152724826194
27135,37.47152724826194
27136,37.47152724826194
27137,37.47152724826194
27138,37.47152724826194
27139,37.47152724826194
27140,37.47152724826194
27177,37.47152724826194
27178,37.47152724826194
27179,37.47152724826194
27180,37.47152724826194
27181,37.47152724826194
27182,37.47152724826194
27183,37.47152724826194
27184,37.47152724826194
27185,37.47152724826194
27186,37.47152724826194
27187,37.47152724826194
27188,37.47152724826194
27189,37.47152724826194
27190,37.47152724826194
27191,37.47152724826194
27192,37.47152724826194
27193,37.47152724826194
27253,37.47152724826194
27254,37.47152724826194
27255,37.47152724826194
27256,37.47152724826194
27257,37.47152724826194
27258,37.47152724826194
27259,37.47152724826194
27260,37.47152724826194
27261,37.47152724826194
27262,37.47152724826194
27263,37.47152724826194
27264,37.47152724826194
27285,37.47152724826194
27286,37.47152724826194
27287,37.47152724826194
27288,37.47152724826194
27289,37.47152724826194
27290,37.47152724826194
27291,37.47152724826194
27292,37.47152724826194
27293,37.47152724826194
27294,37.47152724826194
27295,37.47152724826194
27296,37.47152724826194
27349,37.47152724826194
27350,37.47152724826194
27351,37.47152724826194
27352,37.47152724826194
27353,37.47152724826194
27378,37.47152724826194
27379,37.47152724826194
27380,37.47152724826194
27381,37.47152724826194
27382,37.47152724826194
27383,37.47152724826194
27384,37.47152724826194
27385,37.47152724826194
27386,37.47152724826194
27387,37.47152724826194
27388,37.47152724826194
27393,37.47152724826194
27394,37.47152724826194
27395,37.47152724826194
27396,37.47152724826194
27397,37.47152724826194
27398,37.47152724826194
27399,37.47152724826194
27400,37.47152724826194
27401,37.47152724826194
27402,37.47152724826194
27403,37.47152724826194
27404,37.47152724826194
27425,37.47152724826194
27426,37.47152724826194
27427,37.47152724826194
27428,37.47152724826194
27429,37.47152724826194
27430,37.47152724826194
27431,37.47152724826194
27432,37.47152724826194
27433,37.47152724826194
27434,37.47152724826194
27435,37.47152724826194
27436,37.47152724826194
27437,37.47152724826194
27438,37.47152724826194
27439,37.47152724826194
27440,37.47152724826194
27441,37.47152724826194
27442,37.47152724826194
27443,37.47152724826194
27444,37.47152724826194
27445,37.47152724826194
27446,37.47152724826194
27447,37.47152724826194
27448,37.47152724826194
27449,37.47152724826194
27450,37.47152724826194
27451,37.47152724826194
27452,37.47152724826194
27453,37.47152724826194
27454,37.47152724826194
27455,37.47152724826194
27456,37.47152724826194
27457,37.47152724826194
27458,37.47152724826194
27459,37.47152724826194
27470,37.47152724826194
27471,37.47152724826194
27472,37.47152724826194
27473,37.47152724826194
27474,37.47152724826194
27475,37.47152724826194
27482,37.47152724826194
27483,37.47152724826194
27484,37.47152724826194
27485,37.47152724826194
27486,37.47152724826194
27487,37.47152724826194
27488,37.47152724826194
27489,37.47152724826194
27490,37.47152724826194
27491,37.47152724826194
27492,37.47152724826194
27493,37.47152724826194
27500,37.47152724826194
27501,37.47152724826194
27502,37.47152724826194
27503,37.47152724826194
27504,37.47152724826194
27578,37.47152724826194
27579,37.47152724826194
27580,37.47152724826194
27581,37.47152724826194
27582,37.47152724826194
27583,37.47152724826194
27584,37.47152724826194
27589,37.47152724826194
27590,37.47152724826194
27591,37.47152724826194
27592,37.47152724826194
27593,37.47152724826194
27594,37.47152724826194
27595,37.47152724826194
27596,37.47152724826194
27597,37.47152724826194
27598,37.47152724826194
27599,37.47152724826194
27600,37.47152724826194
27719,37.47152724826194
27720,37.47152724826194
27721,37.47152724826194
27722,37.47152724826194
27723,37.47152724826194
27724,37.47152724826194
27725,37.47152724826194
27726,37.47152724826194
27727,37.47152724826194
27728,37.47152724826194
27729,37.47152724826194
27730,37.47152724826194
27795,37.47152724826194
27796,37.47152724826194
27797,37.47152724826194
27798,37.47152724826194
27799,37.47152724826194
27800,37.47152724826194
27801,37.47152724826194
27802,37.47152724826194
27803,37.47152724826194
27804,37.47152724826194
27805,37.47152724826194
27806,37.47152724826194
27807,37.47152724826194
27808,37.47152724826194
27809,37.47152724826194
27810,37.47152724826194
27811,37.47152724826194
27812,37.47152724826194
27813,37.47152724826194
27814,37.47152724826194
27815,37.47152724826194
27816,37.47152724826194
27817,37.47152724826194
27818,37.47152724826194
27848,37.47152724826194
27849,37.47152724826194
27850,37.47152724826194
27851,37.47152724826194
27852,37.47152724826194
27863,37.47152724826194
27864,37.47152724826194
27865,37.47152724826194
27866,37.47152724826194
27867,37.47152724826194
27868,37.47152724826194
27869,37.47152724826194
27870,37.47152724826194
27871,37.47152724826194
27872,37.47152724826194
27873,37.47152724826194
27874,37.47152724826194
27898,37.47152724826194
27899,37.47152724826194
27900,37.47152724826194
27901,37.47152724826194
27902,37.47152724826194
27903,37.47152724826194
27904,37.47152724826194
27905,37.47152724826194
27906,37.47152724826194
27907,37.47152724826194
27908,37.47152724826194
27909,37.47152724826194
27933,37.47152724826194
27934,37.47152724826194
27935,37.47152724826194
27936,37.47152724826194
27937,37.47152724826194
27938,37.47152724826194
27939,37.47152724826194
27940,37.47152724826194
27941,37.47152724826194
27942,37.47152724826194
27943,37.47152724826194
27944,37.47152724826194
27945,37.47152724826194
27946,37.47152724826194
27947,37.47152724826194
27948,37.47152724826194
27949,37.47152724826194
27950,37.47152724826194
27951,37.47152724826194
27952,37.47152724826194
27977,37.47152724826194
27978,37.47152724826194
27979,37.47152724826194
27980,37.47152724826194
27981,37.47152724826194
27982,37.47152724826194
27983,37.47152724826194
27984,37.47152724826194
27985,37.47152724826194
28002,37.47152724826194
28003,37.47152724826194
28004,37.47152724826194
28005,37.47152724826194
28006,37.47152724826194
28007,37.47152724826194
28008,37.47152724826194
28009,37.47152724826194
28010,37.47152724826194
28011,37.47152724826194
28012,37.47152724826194
28013,37.47152724826194
28037,37.47152724826194
28038,37.47152724826194
28039,37.47152724826194
28040,37.47152724826194
28041,37.47152724826194
28076,37.47152724826194
28077,37.47152724826194
28078,37.47152724826194
28079,37.47152724826194
28080,37.47152724826194
28081,37.47152724826194
28082,37.47152724826194
28083,37.47152724826194
28084,37.47152724826194
28085,37.47152724826194
28086,37.47152724826194
28087,37.47152724826194
28124,37.47152724826194
28125,37.47152724826194
28126,37.47152724826194
28127,37.47152724826194
28128,37.47152724826194
28129,37.47152724826194
28130,37.47152724826194
28131,37.47152724826194
28132,37.47152724826194
28133,37.47152724826194
28134,37.47152724826194
28135,37.47152724826194
28169,37.47152724826194
28170,37.47152724826194
28171,37.47152724826194
28172,37.47152724826194
28173,37.47152724826194
28174,37.47152724826194
28175,37.47152724826194
28176,37.47152724826194
28177,37.47152724826194
28178,37.47152724826194
28179,37.47152724826194
28180,37.47152724826194
28329,37.47152724826194
28330,37.47152724826194
28331,37.47152724826194
28332,37.47152724826194
28371,37.47152724826194
28372,37.47152724826194
28373,37.47152724826194
28374,37.47152724826194
28375,37.47152724826194
28376,37.47152724826194
28377,37.47152724826194
28378,37.47152724826194
28379,37.47152724826194
28380,37.47152724826194
28381,37.47152724826194
28382,37.47152724826194
28399,37.47152724826194
28400,37.47152724826194
28401,37.47152724826194
28402,37.47152724826194
28403,37.47152724826194
28404,37.47152724826194
28405,37.47152724826194
28488,37.47152724826194
28489,37.47152724826194
28490,37.47152724826194
28491,37.47152724826194
28594,37.47152724826194
28595,37.47152724826194
28596,37.47152724826194
28597,37.47152724826194
28598,37.47152724826194
28599,37.47152724826194
28600,37.47152724826194
28601,37.47152724826194
28602,37.47152724826194
28603,37.47152724826194
28604,37.47152724826194
28605,37.47152724826194
28618,37.47152724826194
28619,37.47152724826194
28620,37.47152724826194
28621,37.47152724826194
28622,37.47152724826194
28623,37.47152724826194
28624,37.47152724826194
28625,37.47152724826194
28626,37.47152724826194
28627,37.47152724826194
28628,37.47152724826194
28629,37.47152724826194
28630,37.47152724826194
28631,37.47152724826194
28632,37.47152724826194
28633,37.47152724826194
28682,37.47152724826194
28683,37.47152724826194
28684,37.47152724826194
28685,37.47152724826194
28686,37.47152724826194
28687,37.47152724826194
28688,37.47152724826194
28689,37.47152724826194
28690,37.47152724826194
28691,37.47152724826194
28692,37.47152724826194
28693,37.47152724826194
28711,37.47152724826194
28712,37.47152724826194
28713,37.47152724826194
28714,37.47152724826194
28737,37.47152724826194
28738,37.47152724826194
28739,37.47152724826194
28740,37.47152724826194
28741,37.47152724826194
28742,37.47152724826194
28743,37.47152724826194
28744,37.47152724826194
28745,37.47152724826194
28746,37.47152724826194
28747,37.47152724826194
28748,37.47152724826194
28749,37.47152724826194
28750,37.47152724826194
28751,37.47152724826194
28752,37.47152724826194
28753,37.47152724826194
28754,37.47152724826194
28755,37.47152724826194
28756,37.47152724826194
28761,37.47152724826194
28762,37.47152724826194
28763,37.47152724826194
28764,37.47152724826194
28765,37.47152724826194
28766,37.47152724826194
28767,37.47152724826194
28768,37.47152724826194
28769,37.47152724826194
28770,37.47152724826194
28771,37.47152724826194
28772,37.47152724826194
28825,37.47152724826194
28826,37.47152724826194
28827,37.47152724826194
28828,37.47152724826194
28829,37.47152724826194
28834,37.47152724826194
28835,37.47152724826194
28836,37.47152724826194
28837,37.47152724826194
28838,37.47152724826194
28839,37.47152724826194
28840,37.47152724826194
28841,37.47152724826194
28842,37.47152724826194
28843,37.47152724826194
28844,37.47152724826194
28845,37.47152724826194
28846,37.47152724826194
28847,37.47152724826194
28848,37.47152724826194
28849,37.47152724826194
28850,37.47152724826194
28851,37.47152724826194
28852,37.47152724826194
28853,37.47152724826194
28854,37.47152724826194
28855,37.47152724826194
28901,37.47152724826194
28902,37.47152724826194
28903,37.47152724826194
28904,37.47152724826194
28905,37.47152724826194
28906,37.47152724826194
28907,37.47152724826194
28908,37.47152724826194
28909,37.47152724826194
28910,37.47152724826194
28911,37.47152724826194
28912,37.47152724826194
28913,37.47152724826194
28914,37.47152724826194
28915,37.47152724826194
28916,37.47152724826194
28917,37.47152724826194
28918,37.47152724826194
28919,37.47152724826194
28961,37.47152724826194
28962,37.47152724826194
28963,37.47152724826194
28964,37.47152724826194
28965,37.47152724826194
28966,37.47152724826194
28967,37.47152724826194
29047,37.47152724826194
29048,37.47152724826194
29049,37.47152724826194
29050,37.47152724826194
29051,37.47152724826194
29052,37.47152724826194
29053,37.47152724826194
29054,37.47152724826194
29055,37.47152724826194
29068,37.47152724826194
29069,37.47152724826194
29070,37.47152724826194
29071,37.47152724826194
29072,37.47152724826194
29073,37.47152724826194
29074,37.47152724826194
29075,37.47152724826194
29076,37.47152724826194
29077,37.47152724826194
29078,37.47152724826194
29079,37.47152724826194
29221,37.47152724826194
29222,37.47152724826194
29223,37.47152724826194
29224,37.47152724826194
29225,37.47152724826194
29226,37.47152724826194
29227,37.47152724826194
29228,37.47152724826194
29229,37.47152724826194
29230,37.47152724826194
29231,37.47152724826194
29232,37.47152724826194
29341,37.47152724826194
29342,37.47152724826194
29343,37.47152724826194
29344,37.47152724826194
29345,37.47152724826194
29346,37.47152724826194
29347,37.47152724826194
29348,37.47152724826194
29349,37.47152724826194
29350,37.47152724826194
29351,37.47152724826194
29352,37.47152724826194
29384,37.47152724826194
29385,37.47152724826194
29386,37.47152724826194
29387,37.47152724826194
29388,37.47152724826194
29389,37.47152724826194
29390,37.47152724826194
29391,37.47152724826194
29392,37.47152724826194
29393,37.47152724826194
29394,37.47152724826194
29395,37.47152724826194
29417,37.47152724826194
29418,37.47152724826194
29419,37.47152724826194
29420,37.47152724826194
29463,37.47152724826194
29464,37.47152724826194
29465,37.47152724826194
29466,37.47152724826194
29467,37.47152724826194
29468,37.47152724826194
29469,37.47152724826194
29470,37.47152724826194
29471,37.47152724826194
29472,37.47152724826194
29473,37.47152724826194
29474,37.47152724826194
29475,37.47152724826194
29476,37.47152724826194
29477,37.47152724826194
29478,37.47152724826194
29479,37.47152724826194
29480,37.47152724826194
29518,37.47152724826194
29519,37.47152724826194
29520,37.47152724826194
29521,37.47152724826194
29522,37.47152724826194
29523,37.47152724826194
29524,37.47152724826194
29525,37.47152724826194
29526,37.47152724826194
29527,37.47152724826194
29528,37.47152724826194
29529,37.47152724826194
29557,37.47152724826194
29558,37.47152724826194
29559,37.47152724826194
29560,37.47152724826194
29561,37.47152724826194
29574,37.47152724826194
29575,37.47152724826194
29576,37.47152724826194
29577,37.47152724826194
29619,37.47152724826194
29620,37.47152724826194
29621,37.47152724826194
29622,37.47152724826194
29623,37.47152724826194
29624,37.47152724826194
29625,37.47152724826194
29626,37.47152724826194
29627,37.47152724826194
29628,37.47152724826194
29629,37.47152724826194
29630,37.47152724826194
29635,37.47152724826194
29636,37.47152724826194
29637,37.47152724826194
29638,37.47152724826194
29639,37.47152724826194
29640,37.47152724826194
29641,37.47152724826194
29642,37.47152724826194
29643,37.47152724826194
29644,37.47152724826194
29645,37.47152724826194
29646,37.47152724826194
29687,37.47152724826194
29688,37.47152724826194
29689,37.47152724826194
29690,37.47152724826194
29691,37.47152724826194
29704,37.47152724826194
29705,37.47152724826194
29706,37.47152724826194
29707,37.47152724826194
29708,37.47152724826194
29709,37.47152724826194
29710,37.47152724826194
29711,37.47152724826194
29724,37.47152724826194
29725,37.47152724826194
29726,37.47152724826194
29727,37.47152724826194
29728,37.47152724826194
29729,37.47152724826194
29730,37.47152724826194
29731,37.47152724826194
29732,37.47152724826194
29733,37.47152724826194
29734,37.47152724826194
29735,37.47152724826194
29736,37.47152724826194
29737,37.47152724826194
29738,37.47152724826194
29739,37.47152724826194
29740,37.47152724826194
29741,37.47152724826194
29742,37.47152724826194
29743,37.47152724826194
29744,37.47152724826194
29745,37.47152724826194
29746,37.47152724826194
29747,37.47152724826194
29796,37.47152724826194
29797,37.47152724826194
29798,37.47152724826194
29799,37.47152724826194
29800,37.47152724826194
29801,37.47152724826194
29802,37.47152724826194
29803,37.47152724826194
29804,37.47152724826194
29805,37.47152724826194
29806,37.47152724826194
29807,37.47152724826194
29817,37.47152724826194
29818,37.47152724826194
29819,37.47152724826194
29820,37.47152724826194
29826,37.47152724826194
29827,37.47152724826194
29828,37.47152724826194
29829,37.47152724826194
29868,37.47152724826194
29869,37.47152724826194
29870,37.47152724826194
29871,37.47152724826194
29913,37.47152724826194
29914,37.47152724826194
29915,37.47152724826194
29916,37.47152724826194
29917,37.47152724826194
29918,37.47152724826194
29919,37.47152724826194
29920,37.47152724826194
29921,37.47152724826194
29922,37.47152724826194
29923,37.47152724826194
29924,37.47152724826194
29998,37.47152724826194
29999,37.47152724826194
30000,37.47152724826194
30001,37.47152724826194
30028,37.47152724826194
30029,37.47152724826194
30030,37.47152724826194
30031,37.47152724826194
30056,37.47152724826194
30057,37.47152724826194
30058,37.47152724826194
30059,37.47152724826194
30060,37.47152724826194
30061,37.47152724826194
30062,37.47152724826194
30063,37.47152724826194
30064,37.47152724826194
30065,37.47152724826194
30066,37.47152724826194
30145,37.47152724826194
30146,37.47152724826194
30147,37.47152724826194
30148,37.47152724826194
30149,37.47152724826194
30150,37.47152724826194
30151,37.47152724826194
30152,37.47152724826194
30153,37.47152724826194
30154,37.47152724826194
30240,37.47152724826194
30241,37.47152724826194
30242,37.47152724826194
30243,37.47152724826194
30244,37.47152724826194
30245,37.47152724826194
30246,37.47152724826194
30247,37.47152724826194
30248,37.47152724826194
30249,37.47152724826194
30250,37.47152724826194
30251,37.47152724826194
30252,37.47152724826194
30253,37.47152724826194
30254,37.47152724826194
30255,37.47152724826194
30256,37.47152724826194
30292,37.47152724826194
30293,37.47152724826194
30294,37.47152724826194
30295,37.47152724826194
30415,37.47152724826194
30416,37.47152724826194
30417,37.47152724826194
30418,37.47152724826194
30435,37.47152724826194
30436,37.47152724826194
30437,37.47152724826194
30438,37.47152724826194
30439,37.47152724826194
30440,37.47152724826194
30441,37.47152724826194
30442,37.47152724826194
30443,37.47152724826194
30444,37.47152724826194
30445,37.47152724826194
30446,37.47152724826194
30452,37.47152724826194
30453,37.47152724826194
30454,37.47152724826194
30455,37.47152724826194
30456,37.47152724826194
30457,37.47152724826194
30458,37.47152724826194
30476,37.47152724826194
30477,37.47152724826194
30478,37.47152724826194
30479,37.47152724826194
30480,37.47152724826194
30481,37.47152724826194
30482,37.47152724826194
30483,37.47152724826194
30484,37.47152724826194
30485,37.47152724826194
30486,37.47152724826194
30487,37.47152724826194
30500,37.47152724826194
30501,37.47152724826194
30502,37.47152724826194
30503,37.47152724826194
30504,37.47152724826194
30505,37.47152724826194
30506,37.47152724826194
30507,37.47152724826194
30508,37.47152724826194
30509,37.47152724826194
30510,37.47152724826194
30511,37.47152724826194
30517,37.47152724826194
30518,37.47152724826194
30519,37.47152724826194
30520,37.47152724826194
30590,37.47152724826194
30591,37.47152724826194
30592,37.47152724826194
30593,37.47152724826194
30594,37.47152724826194
30595,37.47152724826194
30596,37.47152724826194
30597,37.47152724826194
30608,37.47152724826194
30609,37.47152724826194
30610,37.47152724826194
30611,37.47152724826194
30612,37.47152724826194
30613,37.47152724826194
30614,37.47152724826194
30615,37.47152724826194
30616,37.47152724826194
30617,37.47152724826194
30618,37.47152724826194
30619,37.47152724826194
30655,37.47152724826194
30656,37.47152724826194
30657,37.47152724826194
30658,37.47152724826194
30769,37.47152724826194
30770,37.47152724826194
30771,37.47152724826194
30772,37.47152724826194
30773,37.47152724826194
30774,37.47152724826194
30775,37.47152724826194
30776,37.47152724826194
30777,37.47152724826194
30778,37.47152724826194
30779,37.47152724826194
30858,37.47152724826194
30859,37.47152724826194
30860,37.47152724826194
30861,37.47152724826194
30862,37.47152724826194
30863,37.47152724826194
30864,37.47152724826194
30865,37.47152724826194
30866,37.47152724826194
30867,37.47152724826194
30868,37.47152724826194
30881,37.47152724826194
30882,37.47152724826194
30883,37.47152724826194
30884,37.47152724826194
30885,37.47152724826194
30886,37.47152724826194
30887,37.47152724826194
30888,37.47152724826194
30889,37.47152724826194
30890,37.47152724826194
30891,37.47152724826194
30892,37.47152724826194
30893,37.47152724826194
30894,37.47152724826194
30895,37.47152724826194
30896,37.47152724826194
30897,37.47152724826194
30898,37.47152724826194
30899,37.47152724826194
30900,37.47152724826194
30901,37.47152724826194
30902,37.47152724826194
30903,37.47152724826194
30904,37.47152724826194
30993,37.47152724826194
30994,37.47152724826194
30995,37.47152724826194
30996,37.47152724826194
30997,37.47152724826194
30998,37.47152724826194
30999,37.47152724826194
31000,37.47152724826194
31001,37.47152724826194
31002,37.47152724826194
31003,37.47152724826194
31004,37.47152724826194
31005,37.47152724826194
31006,37.47152724826194
31007,37.47152724826194
31008,37.47152724826194
31009,37.47152724826194
31010,37.47152724826194
31011,37.47152724826194
31012,37.47152724826194
31013,37.47152724826194
31014,37.47152724826194
31015,37.47152724826194
31016,37.47152724826194
31042,37.47152724826194
31043,37.47152724826194
31044,37.47152724826194
31045,37.47152724826194
31046,37.47152724826194
31047,37.47152724826194
31048,37.47152724826194
31049,37.47152724826194
31050,37.47152724826194
31051,37.47152724826194
31068,37.47152724826194
31069,37.47152724826194
31070,37.47152724826194
31071,37.47152724826194
31072,37.47152724826194
31073,37.47152724826194
31098,37.47152724826194
31099,37.47152724826194
31100,37.47152724826194
31101,37.47152724826194
31102,37.47152724826194
31103,37.47152724826194
31104,37.47152724826194
31113,37.47152724826194
31114,37.47152724826194
31115,37.47152724826194
31116,37.47152724826194
31117,37.47152724826194
31118,37.47152724826194
31119,37.47152724826194
31120,37.47152724826194
31181,37.47152724826194
31182,37.47152724826194
31183,37.47152724826194
31184,37.47152724826194
31185,37.47152724826194
31186,37.47152724826194
31215,37.47152724826194
31216,37.47152724826194
31217,37.47152724826194
31218,37.47152724826194
31219,37.47152724826194
31220,37.47152724826194
31419,37.47152724826194
31420,37.47152724826194
31421,37.47152724826194
31422,37.47152724826194
31443,37.47152724826194
31444,37.47152724826194
31445,37.47152724826194
31446,37.47152724826194
31447,37.47152724826194
31448,37.47152724826194
31449,37.47152724826194
31450,37.47152724826194
31451,37.47152724826194
31452,37.47152724826194
31453,37.47152724826194
31454,37.47152724826194
31483,37.47152724826194
31484,37.47152724826194
31485,37.47152724826194
31486,37.47152724826194
31487,37.47152724826194
31488,37.47152724826194
31489,37.47152724826194
31490,37.47152724826194
31491,37.47152724826194
31492,37.47152724826194
31493,37.47152724826194
31494,37.47152724826194
31495,37.47152724826194
31496,37.47152724826194
31497,37.47152724826194
31498,37.47152724826194
31499,37.47152724826194
31536,37.47152724826194
31537,37.47152724826194
31538,37.47152724826194
31539,37.47152724826194
31540,37.47152724826194
31541,37.47152724826194
31542,37.47152724826194
31543,37.47152724826194
31544,37.47152724826194
31545,37.47152724826194
31546,37.47152724826194
31547,37.47152724826194
31548,37.47152724826194
31549,37.47152724826194
31550,37.47152724826194
31551,37.47152724826194
31552,37.47152724826194
31565,37.47152724826194
31566,37.47152724826194
31567,37.47152724826194
31568,37.47152724826194
31569,37.47152724826194
31570,37.47152724826194
31599,37.47152724826194
31600,37.47152724826194
31601,37.47152724826194
31602,37.47152724826194
31603,37.47152724826194
31604,37.47152724826194
31605,37.47152724826194
31606,37.47152724826194
31607,37.47152724826194
31608,37.47152724826194
31609,37.47152724826194
31610,37.47152724826194
31627,37.47152724826194
31628,37.47152724826194
31629,37.47152724826194
31630,37.47152724826194
31631,37.47152724826194
31632,37.47152724826194
31633,37.47152724826194
31716,37.47152724826194
31717,37.47152724826194
31718,37.47152724826194
31719,37.47152724826194
31720,37.47152724826194
31733,37.47152724826194
31734,37.47152724826194
31735,37.47152724826194
31736,37.47152724826194
31786,37.47152724826194
31787,37.47152724826194
31788,37.47152724826194
31789,37.47152724826194
31832,37.47152724826194
31833,37.47152724826194
31834,37.47152724826194
31835,37.47152724826194
31836,37.47152724826194
31837,37.47152724826194
31838,37.47152724826194
31839,37.47152724826194
31840,37.47152724826194
31841,37.47152724826194
31888,37.47152724826194
31889,37.47152724826194
31890,37.47152724826194
31891,37.47152724826194
31892,37.47152724826194
31893,37.47152724826194
31894,37.47152724826194
31895,37.47152724826194
31993,37.47152724826194
31994,37.47152724826194
31995,37.47152724826194
31996,37.47152724826194
32014,37.47152724826194
32015,37.47152724826194
32016,37.47152724826194
32017,37.47152724826194
32018,37.47152724826194
32019,37.47152724826194
32020,37.47152724826194
32021,37.47152724826194
32022,37.47152724826194
32057,37.47152724826194
32058,37.47152724826194
32059,37.47152724826194
32060,37.47152724826194
32061,37.47152724826194
32062,37.47152724826194
32063,37.47152724826194
32064,37.47152724826194
32065,37.47152724826194
32066,37.47152724826194
32067,37.47152724826194
32068,37.47152724826194
32119,37.47152724826194
32120,37.47152724826194
32121,37.47152724826194
32122,37.47152724826194
32123,37.47152724826194
32124,37.47152724826194
32125,37.47152724826194
32126,37.47152724826194
32127,37.47152724826194
32213,37.47152724826194
32214,37.47152724826194
32215,37.47152724826194
32216,37.47152724826194
32217,37.47152724826194
32218,37.47152724826194
32231,37.47152724826194
32232,37.47152724826194
32233,37.47152724826194
32234,37.47152724826194
32235,37.47152724826194
32236,37.47152724826194
32237,37.47152724826194
32238,37.47152724826194
32239,37.47152724826194
32240,37.47152724826194
32241,37.47152724826194
32242,37.47152724826194
32243,37.47152724826194
32244,37.47152724826194
32245,37.47152724826194
32246,37.47152724826194
32247,37.47152724826194
32353,37.47152724826194
32354,37.47152724826194
32355,37.47152724826194
32356,37.47152724826194
32383,37.47152724826194
32384,37.47152724826194
32385,37.47152724826194
32386,37.47152724826194
32449,37.47152724826194
32450,37.47152724826194
32451,37.47152724826194
32452,37.47152724826194
32453,37.47152724826194
32454,37.47152724826194
32455,37.47152724826194
32456,37.47152724826194
32457,37.47152724826194
32470,37.47152724826194
32471,37.47152724826194
32472,37.47152724826194
32473,37.47152724826194
32474,37.47152724826194
32475,37.47152724826194
32476,37.47152724826194
32477,37.47152724826194
32478,37.47152724826194
32479,37.47152724826194
32480,37.47152724826194
32527,37.47152724826194
32528,37.47152724826194
32529,37.47152724826194
32530,37.47152724826194
32608,37.47152724826194
32609,37.47152724826194
32610,37.47152724826194
32611,37.47152724826194
32627,37.47152724826194
32628,37.47152724826194
32629,37.47152724826194
32630,37.47152724826194
32713,37.47152724826194
32714,37.47152724826194
32715,37.47152724826194
32716,37.47152724826194
32717,37.47152724826194
32718,37.47152724826194
32719,37.47152724826194
32720,37.47152724826194
32721,37.47152724826194
32722,37.47152724826194
32723,37.47152724826194
32724,37.47152724826194
32725,37.47152724826194
32726,37.47152724826194
32727,37.47152724826194
32728,37.47152724826194
32729,37.47152724826194
32730,37.47152724826194
32731,37.47152724826194
32732,37.47152724826194
32733,37.47152724826194
32734,37.47152724826194
32735,37.47152724826194
32736,37.47152724826194
32741,37.47152724826194
32742,37.47152724826194
32743,37.47152724826194
32744,37.47152724826194
32745,37.47152724826194
32746,37.47152724826194
32855,37.47152724826194
32856,37.47152724826194
32857,37.47152724826194
32858,37.47152724826194
32859,37.47152724826194
32860,37.47152724826194
32871,37.47152724826194
32872,37.47152724826194
32873,37.47152724826194
32874,37.47152724826194
32875,37.47152724826194
32876,37.47152724826194
32877,37.47152724826194
32878,37.47152724826194
32879,37.47152724826194
32880,37.47152724826194
32881,37.47152724826194
32882,37.47152724826194
32901,37.47152724826194
32902,37.47152724826194
32903,37.47152724826194
32904,37.47152724826194
32905,37.47152724826194
32906,37.47152724826194
32907,37.47152724826194
32908,37.47152724826194
32909,37.47152724826194
32929,37.47152724826194
32930,37.47152724826194
32931,37.47152724826194
32932,37.47152724826194
32933,37.47152724826194
32934,37.47152724826194
32935,37.47152724826194
32936,37.47152724826194
32937,37.47152724826194
32938,37.47152724826194
32977,37.47152724826194
32978,37.47152724826194
32979,37.47152724826194
32980,37.47152724826194
32981,37.47152724826194
33029,37.47152724826194
33030,37.47152724826194
33031,37.47152724826194
33032,37.47152724826194
33033,37.47152724826194
33034,37.47152724826194
33035,37.47152724826194
33036,37.47152724826194
33037,37.47152724826194
33038,37.47152724826194
33039,37.47152724826194
33040,37.47152724826194
33107,37.47152724826194
33108,37.47152724826194
33109,37.47152724826194
33110,37.47152724826194
33111,37.47152724826194
33112,37.47152724826194
33113,37.47152724826194
33114,37.47152724826194
33115,37.47152724826194
33116,37.47152724826194
33117,37.47152724826194
33118,37.47152724826194
33119,37.47152724826194
33120,37.47152724826194
33121,37.47152724826194
33122,37.47152724826194
33123,37.47152724826194
33124,37.47152724826194
33125,37.47152724826194
33126,37.47152724826194
33127,37.47152724826194
33128,37.47152724826194
33129,37.47152724826194
33130,37.47152724826194
33135,37.47152724826194
33136,37.47152724826194
33137,37.47152724826194
33138,37.47152724826194
33139,37.47152724826194
33140,37.47152724826194
33141,37.47152724826194
33142,37.47152724826194
33143,37.47152724826194
33144,37.47152724826194
33157,37.47152724826194
33158,37.47152724826194
33159,37.47152724826194
33160,37.47152724826194
33161,37.47152724826194
33192,37.47152724826194
33193,37.47152724826194
33194,37.47152724826194
33195,37.47152724826194
33196,37.47152724826194
33197,37.47152724826194
33198,37.47152724826194
33199,37.47152724826194
33200,37.47152724826194
33201,37.47152724826194
33202,37.47152724826194
33203,37.47152724826194
33204,37.47152724826194
33205,37.47152724826194
33206,37.47152724826194
33207,37.47152724826194
33208,37.47152724826194
33209,37.47152724826194
33210,37.47152724826194
33211,37.47152724826194
33212,37.47152724826194
33213,37.47152724826194
33214,37.47152724826194
33215,37.47152724826194
33228,37.47152724826194
33229,37.47152724826194
33230,37.47152724826194
33231,37.47152724826194
33232,37.47152724826194
33233,37.47152724826194
33254,37.47152724826194
33255,37.47152724826194
33256,37.47152724826194
33257,37.47152724826194
33258,37.47152724826194
33259,37.47152724826194
33260,37.47152724826194
33261,37.47152724826194
33262,37.47152724826194
33263,37.47152724826194
33264,37.47152724826194
33265,37.47152724826194
33266,37.47152724826194
33267,37.47152724826194
33268,37.47152724826194
33269,37.47152724826194
33270,37.47152724826194
33271,37.47152724826194
33272,37.47152724826194
33273,37.47152724826194
33274,37.47152724826194
33275,37.47152724826194
33276,37.47152724826194
33277,37.47152724826194
33278,37.47152724826194
33279,37.47152724826194
33280,37.47152724826194
33281,37.47152724826194
33336,37.47152724826194
33337,37.47152724826194
33338,37.47152724826194
33339,37.47152724826194
33483,37.47152724826194
33484,37.47152724826194
33485,37.47152724826194
33486,37.47152724826194
33487,37.47152724826194
33488,37.47152724826194
33489,37.47152724826194
33490,37.47152724826194
33491,37.47152724826194
33492,37.47152724826194
33493,37.47152724826194
33494,37.47152724826194
33495,37.47152724826194
33496,37.47152724826194
33497,37.47152724826194
33498,37.47152724826194
33499,37.47152724826194
33512,37.47152724826194
33513,37.47152724826194
33514,37.47152724826194
33515,37.47152724826194
33516,37.47152724826194
33517,37.47152724826194
33518,37.47152724826194
33519,37.47152724826194
33520,37.47152724826194
33521,37.47152724826194
33522,37.47152724826194
33523,37.47152724826194
33528,37.47152724826194
33529,37.47152724826194
33530,37.47152724826194
33531,37.47152724826194
33639,37.47152724826194
33640,37.47152724826194
33641,37.47152724826194
33642,37.47152724826194
33659,37.47152724826194
33660,37.47152724826194
33661,37.47152724826194
33662,37.47152724826194
33716,37.47152724826194
33717,37.47152724826194
33718,37.47152724826194
33719,37.47152724826194
33720,37.47152724826194
33721,37.47152724826194
33722,37.47152724826194
33723,37.47152724826194
33724,37.47152724826194
33725,37.47152724826194
33726,37.47152724826194
33727,37.47152724826194
33958,37.47152724826194
33959,37.47152724826194
33960,37.47152724826194
33961,37.47152724826194
33962,37.47152724826194
33984,37.47152724826194
33985,37.47152724826194
33986,37.47152724826194
33987,37.47152724826194
34035,37.47152724826194
34036,37.47152724826194
34037,37.47152724826194
34038,37.47152724826194
34039,37.47152724826194
34040,37.47152724826194
34041,37.47152724826194
34042,37.47152724826194
34043,37.47152724826194
34044,37.47152724826194
34045,37.47152724826194
34046,37.47152724826194
34047,37.47152724826194
34048,37.47152724826194
34049,37.47152724826194
34050,37.47152724826194
34051,37.47152724826194
34052,37.47152724826194
34053,37.47152724826194
34054,37.47152724826194
34055,37.47152724826194
34056,37.47152724826194
34057,37.47152724826194
34058,37.47152724826194
34063,37.47152724826194
34064,37.47152724826194
34065,37.47152724826194
34066,37.47152724826194
34067,37.47152724826194
34084,37.47152724826194
34085,37.47152724826194
34086,37.47152724826194
34087,37.47152724826194
34088,37.47152724826194
34089,37.47152724826194
34090,37.47152724826194
34091,37.47152724826194
34092,37.47152724826194
34093,37.47152724826194
34094,37.47152724826194
34095,37.47152724826194
34108,37.47152724826194
34109,37.47152724826194
34110,37.47152724826194
34111,37.47152724826194
34112,37.47152724826194
34176,37.47152724826194
34177,37.47152724826194
34178,37.47152724826194
34179,37.47152724826194
34180,37.47152724826194
34181,37.47152724826194
34182,37.47152724826194
34183,37.47152724826194
34184,37.47152724826194
34282,37.47152724826194
34283,37.47152724826194
34284,37.47152724826194
34285,37.47152724826194
34334,37.47152724826194
34335,37.47152724826194
34336,37.47152724826194
34337,37.47152724826194
34427,37.47152724826194
34428,37.47152724826194
34429,37.47152724826194
34430,37.47152724826194
34431,37.47152724826194
34432,37.47152724826194
34433,37.47152724826194
34434,37.47152724826194
34435,37.47152724826194
34436,37.47152724826194
34437,37.47152724826194
34486,37.47152724826194
34487,37.47152724826194
34488,37.47152724826194
34489,37.47152724826194
34490,37.47152724826194
34491,37.47152724826194
34492,37.47152724826194
34493,37.47152724826194
34494,37.47152724826194
34495,37.47152724826194
34496,37.47152724826194
34497,37.47152724826194
34538,37.47152724826194
34539,37.47152724826194
34540,37.47152724826194
34541,37.47152724826194
34594,37.47152724826194
34595,37.47152724826194
34596,37.47152724826194
34597,37.47152724826194
34598,37.47152724826194
34599,37.47152724826194
34600,37.47152724826194
34601,37.47152724826194
34602,37.47152724826194
34603,37.47152724826194
34604,37.47152724826194
34605,37.47152724826194
34606,37.47152724826194
34607,37.47152724826194
34608,37.47152724826194
34609,37.47152724826194
34610,37.47152724826194
34611,37.47152724826194
34612,37.47152724826194
34613,37.47152724826194
34614,37.47152724826194
34615,37.47152724826194
34616,37.47152724826194
34617,37.47152724826194
34618,37.47152724826194
34619,37.47152724826194
34620,37.47152724826194
34621,37.47152724826194
34660,37.47152724826194
34661,37.47152724826194
34662,37.47152724826194
34663,37.47152724826194
34664,37.47152724826194
34665,37.47152724826194
34690,37.47152724826194
34691,37.47152724826194
34692,37.47152724826194
34693,37.47152724826194
34694,37.47152724826194
34695,37.47152724826194
34696,37.47152724826194
34697,37.47152724826194
34698,37.47152724826194
34699,37.47152724826194
34753,37.47152724826194
34754,37.47152724826194
34755,37.47152724826194
34756,37.47152724826194
34757,37.47152724826194
34758,37.47152724826194
34759,37.47152724826194
34760,37.47152724826194
34761,37.47152724826194
34762,37.47152724826194
34763,37.47152724826194
34764,37.47152724826194
34806,37.47152724826194
34807,37.47152724826194
34808,37.47152724826194
34809,37.47152724826194
34810,37.47152724826194
34864,37.47152724826194
34865,37.47152724826194
34866,37.47152724826194
34867,37.47152724826194
34874,37.47152724826194
34875,37.47152724826194
34876,37.47152724826194
34877,37.47152724826194
34906,37.47152724826194
34907,37.47152724826194
34908,37.47152724826194
34909,37.47152724826194
34910,37.47152724826194
34911,37.47152724826194
34912,37.47152724826194
34913,37.47152724826194
34938,37.47152724826194
34939,37.47152724826194
34940,37.47152724826194
34941,37.47152724826194
34942,37.47152724826194
34949,37.47152724826194
34950,37.47152724826194
34951,37.47152724826194
34952,37.47152724826194
34953,37.47152724826194
34998,37.47152724826194
34999,37.47152724826194
35000,37.47152724826194
35001,37.47152724826194
35002,37.47152724826194
35078,37.47152724826194
35079,37.47152724826194
35080,37.47152724826194
35081,37.47152724826194
35111,37.47152724826194
35112,37.47152724826194
35113,37.47152724826194
35114,37.47152724826194
35115,37.47152724826194
35116,37.47152724826194
35117,37.47152724826194
35118,37.47152724826194
35119,37.47152724826194
35120,37.47152724826194
35121,37.47152724826194
35122,37.47152724826194
35177,37.47152724826194
35178,37.47152724826194
35179,37.47152724826194
35180,37.47152724826194
35181,37.47152724826194
35207,37.47152724826194
35208,37.47152724826194
35209,37.47152724826194
35210,37.47152724826194
35211,37.47152724826194
35212,37.47152724826194
35213,37.47152724826194
35214,37.47152724826194
35215,37.47152724826194
35216,37.47152724826194
35217,37.47152724826194
35218,37.47152724826194
35277,37.47152724826194
35278,37.47152724826194
35279,37.47152724826194
35280,37.47152724826194
35281,37.47152724826194
35282,37.47152724826194
35283,37.47152724826194
35284,37.47152724826194
35285,37.47152724826194
35286,37.47152724826194
35287,37.47152724826194
35288,37.47152724826194
35289,37.47152724826194
35389,37.47152724826194
35390,37.47152724826194
35391,37.47152724826194
35392,37.47152724826194
35393,37.47152724826194
35394,37.47152724826194
35395,37.47152724826194
35396,37.47152724826194
35397,37.47152724826194
35398,37.47152724826194
35399,37.47152724826194
35400,37.47152724826194
35401,37.47152724826194
35402,37.47152724826194
35403,37.47152724826194
35404,37.47152724826194
35405,37.47152724826194
35406,37.47152724826194
35407,37.47152724826194
35408,37.47152724826194
35409,37.47152724826194
35410,37.47152724826194
35411,37.47152724826194
35412,37.47152724826194
35438,37.47152724826194
35439,37.47152724826194
35440,37.47152724826194
35441,37.47152724826194
35442,37.47152724826194
35443,37.47152724826194
35444,37.47152724826194
35445,37.47152724826194
35446,37.47152724826194
35447,37.47152724826194
35448,37.47152724826194
35545,37.47152724826194
35546,37.47152724826194
35547,37.47152724826194
35548,37.47152724826194
35549,37.47152724826194
35550,37.47152724826194
35551,37.47152724826194
35552,37.47152724826194
35553,37.47152724826194
35554,37.47152724826194
35555,37.47152724826194
35556,37.47152724826194
35557,37.47152724826194
35558,37.47152724826194
35559,37.47152724826194
35560,37.47152724826194
35614,37.47152724826194
35615,37.47152724826194
35616,37.47152724826194
35617,37.47152724826194
35618,37.47152724826194
35619,37.47152724826194
35620,37.47152724826194
35621,37.47152724826194
35622,37.47152724826194
35623,37.47152724826194
35624,37.47152724826194
35625,37.47152724826194
35626,37.47152724826194
35627,37.47152724826194
35628,37.47152724826194
35629,37.47152724826194
35630,37.47152724826194
35631,37.47152724826194
35632,37.47152724826194
35676,37.47152724826194
35677,37.47152724826194
35678,37.47152724826194
35679,37.47152724826194
35680,37.47152724826194
35681,37.47152724826194
35682,37.47152724826194
35683,37.47152724826194
35684,37.47152724826194
35685,37.47152724826194
35686,37.47152724826194
35687,37.47152724826194
35706,37.47152724826194
35707,37.47152724826194
35708,37.47152724826194
35709,37.47152724826194
35710,37.47152724826194
35711,37.47152724826194
35712,37.47152724826194
35713,37.47152724826194
35714,37.47152724826194
35715,37.47152724826194
35716,37.47152724826194
35717,37.47152724826194
35718,37.47152724826194
35719,37.47152724826194
35720,37.47152724826194
35721,37.47152724826194
35727,37.47152724826194
35728,37.47152724826194
35729,37.47152724826194
35730,37.47152724826194
35731,37.47152724826194
35732,37.47152724826194
35733,37.47152724826194
35734,37.47152724826194
35735,37.47152724826194
35736,37.47152724826194
35737,37.47152724826194
35738,37.47152724826194
35745,37.47152724826194
35746,37.47152724826194
35747,37.47152724826194
35748,37.47152724826194
35749,37.47152724826194
35824,37.47152724826194
35825,37.47152724826194
35826,37.47152724826194
35827,37.47152724826194
35902,37.47152724826194
35903,37.47152724826194
35904,37.47152724826194
35905,37.47152724826194
35922,37.47152724826194
35923,37.47152724826194
35924,37.47152724826194
35925,37.47152724826194
35926,37.47152724826194
35927,37.47152724826194
35928,37.47152724826194
35929,37.47152724826194
35930,37.47152724826194
35931,37.47152724826194
35932,37.47152724826194
35933,37.47152724826194
35974,37.47152724826194
35975,37.47152724826194
35976,37.47152724826194
35977,37.47152724826194
35978,37.47152724826194
35979,37.47152724826194
35980,37.47152724826194
35981,37.47152724826194
35982,37.47152724826194
35983,37.47152724826194
35984,37.47152724826194
35985,37.47152724826194
35986,37.47152724826194
35987,37.47152724826194
35988,37.47152724826194
35989,37.47152724826194
35990,37.47152724826194
36068,37.47152724826194
36069,37.47152724826194
36070,37.47152724826194
36071,37.47152724826194
36120,37.47152724826194
36121,37.47152724826194
36122,37.47152724826194
36123,37.47152724826194
36124,37.47152724826194
36137,37.47152724826194
36138,37.47152724826194
36139,37.47152724826194
36140,37.47152724826194
36141,37.47152724826194
36142,37.47152724826194
36143,37.47152724826194
36144,37.47152724826194
36145,37.47152724826194
36146,37.47152724826194
36147,37.47152724826194
36148,37.47152724826194
36192,37.47152724826194
36193,37.47152724826194
36194,37.47152724826194
36195,37.47152724826194
36196,37.47152724826194
36197,37.47152724826194
36198,37.47152724826194
36199,37.47152724826194
36200,37.47152724826194
36201,37.47152724826194
36202,37.47152724826194
36220,37.47152724826194
36221,37.47152724826194
36222,37.47152724826194
36223,37.47152724826194
36224,37.47152724826194
36225,37.47152724826194
36226,37.47152724826194
36227,37.47152724826194
36228,37.47152724826194
36229,37.47152724826194
36230,37.47152724826194
36231,37.47152724826194
36245,37.47152724826194
36246,37.47152724826194
36247,37.47152724826194
36248,37.47152724826194
36249,37.47152724826194
36250,37.47152724826194
36251,37.47152724826194
36252,37.47152724826194
36253,37.47152724826194
36254,37.47152724826194
36255,37.47152724826194
36256,37.47152724826194
36257,37.47152724826194
36258,37.47152724826194
36259,37.47152724826194
36260,37.47152724826194
36261,37.47152724826194
36262,37.47152724826194
36263,37.47152724826194
36264,37.47152724826194
36289,37.47152724826194
36290,37.47152724826194
36291,37.47152724826194
36292,37.47152724826194
36293,37.47152724826194
36294,37.47152724826194
36295,37.47152724826194
36296,37.47152724826194
36297,37.47152724826194
36298,37.47152724826194
36318,37.47152724826194
36319,37.47152724826194
36320,37.47152724826194
36321,37.47152724826194
36322,37.47152724826194
36323,37.47152724826194
36324,37.47152724826194
36325,37.47152724826194
36326,37.47152724826194
36327,37.47152724826194
36328,37.47152724826194
36329,37.47152724826194
36330,37.47152724826194
36331,37.47152724826194
36332,37.47152724826194
36333,37.47152724826194
36343,37.47152724826194
36344,37.47152724826194
36345,37.47152724826194
36346,37.47152724826194
36347,37.47152724826194
36348,37.47152724826194
36349,37.47152724826194
36350,37.47152724826194
36351,37.47152724826194
36352,37.47152724826194
36353,37.47152724826194
36354,37.47152724826194
36367,37.47152724826194
36368,37.47152724826194
36369,37.47152724826194
36370,37.47152724826194
36371,37.47152724826194
36372,37.47152724826194
36373,37.47152724826194
36374,37.47152724826194
36375,37.47152724826194
36441,37.47152724826194
36442,37.47152724826194
36443,37.47152724826194
36444,37.47152724826194
36445,37.47152724826194
36446,37.47152724826194
36447,37.47152724826194
36448,37.47152724826194
36449,37.47152724826194
36450,37.47152724826194
36451,37.47152724826194
36452,37.47152724826194
36453,37.47152724826194
36454,37.47152724826194
36455,37.47152724826194
36456,37.47152724826194
36457,37.47152724826194
36458,37.47152724826194
36459,37.47152724826194
36460,37.47152724826194
36461,37.47152724826194
36462,37.47152724826194
36463,37.47152724826194
36464,37.47152724826194
36523,37.47152724826194
36524,37.47152724826194
36525,37.47152724826194
36526,37.47152724826194
36601,37.47152724826194
36602,37.47152724826194
36603,37.47152724826194
36604,37.47152724826194
36605,37.47152724826194
36606,37.47152724826194
36607,37.47152724826194
36608,37.47152724826194
36609,37.47152724826194
36610,37.47152724826194
36611,37.47152724826194
36612,37.47152724826194
36618,37.47152724826194
36619,37.47152724826194
36620,37.47152724826194
36621,37.47152724826194
36637,37.47152724826194
36638,37.47152724826194
36639,37.47152724826194
36640,37.47152724826194
36641,37.47152724826194
36642,37.47152724826194
36643,37.47152724826194
36644,37.47152724826194
36645,37.47152724826194
36646,37.47152724826194
36647,37.47152724826194
36648,37.47152724826194
36649,37.47152724826194
36650,37.47152724826194
36651,37.47152724826194
36652,37.47152724826194
36653,37.47152724826194
36658,37.47152724826194
36659,37.47152724826194
36660,37.47152724826194
36661,37.47152724826194
36662,37.47152724826194
36680,37.47152724826194
36681,37.47152724826194
36682,37.47152724826194
36683,37.47152724826194
36714,37.47152724826194
36715,37.47152724826194
36716,37.47152724826194
36717,37.47152724826194
36734,37.47152724826194
36735,37.47152724826194
36736,37.47152724826194
36737,37.47152724826194
36738,37.47152724826194
36739,37.47152724826194
36740,37.47152724826194
36741,37.47152724826194
36742,37.47152724826194
36743,37.47152724826194
36744,37.47152724826194
36808,37.47152724826194
36809,37.47152724826194
36810,37.47152724826194
36811,37.47152724826194
36852,37.47152724826194
36853,37.47152724826194
36854,37.47152724826194
36855,37.47152724826194
36856,37.47152724826194
36878,37.47152724826194
36879,37.47152724826194
36880,37.47152724826194
36881,37.47152724826194
36882,37.47152724826194
36883,37.47152724826194
36884,37.47152724826194
36885,37.47152724826194
36886,37.47152724826194
36887,37.47152724826194
36888,37.47152724826194
36889,37.47152724826194
36890,37.47152724826194
36891,37.47152724826194
36892,37.47152724826194
36893,37.47152724826194
36894,37.47152724826194
36951,37.47152724826194
36952,37.47152724826194
36953,37.47152724826194
36954,37.47152724826194
36955,37.47152724826194
36956,37.47152724826194
36957,37.47152724826194
36958,37.47152724826194
36959,37.47152724826194
36960,37.47152724826194
36961,37.47152724826194
36962,37.47152724826194
36975,37.47152724826194
36976,37.47152724826194
36977,37.47152724826194
36978,37.47152724826194
37010,37.47152724826194
37011,37.47152724826194
37012,37.47152724826194
37013,37.47152724826194
37014,37.47152724826194
37015,37.47152724826194
37016,37.47152724826194
37017,37.47152724826194
37018,37.47152724826194
37019,37.47152724826194
37020,37.47152724826194
37021,37.47152724826194
37022,37.47152724826194
37023,37.47152724826194
37024,37.47152724826194
37025,37.47152724826194
37026,37.47152724826194
37027,37.47152724826194
37028,37.47152724826194
37029,37.47152724826194
37030,37.47152724826194
37031,37.47152724826194
37032,37.47152724826194
37033,37.47152724826194
37034,37.47152724826194
37035,37.47152724826194
37036,37.47152724826194
37037,37.47152724826194
37038,37.47152724826194
37039,37.47152724826194
37040,37.47152724826194
37041,37.47152724826194
37042,37.47152724826194
37043,37.47152724826194
37044,37.47152724826194
37045,37.47152724826194
37046,37.47152724826194
37047,37.47152724826194
37048,37.47152724826194
37049,37.47152724826194
37050,37.47152724826194
37051,37.47152724826194
37052,37.47152724826194
37053,37.47152724826194
37054,37.47152724826194
37055,37.47152724826194
37056,37.47152724826194
37057,37.47152724826194
37058,37.47152724826194
37059,37.47152724826194
37060,37.47152724826194
37061,37.47152724826194
37074,37.47152724826194
37075,37.47152724826194
37076,37.47152724826194
37077,37.47152724826194
37078,37.47152724826194
37079,37.47152724826194
37080,37.47152724826194
37153,37.47152724826194
37154,37.47152724826194
37155,37.47152724826194
37156,37.47152724826194
37157,37.47152724826194
37158,37.47152724826194
37159,37.47152724826194
37160,37.47152724826194
37161,37.47152724826194
37249,37.47152724826194
37250,37.47152724826194
37251,37.47152724826194
37252,37.47152724826194
37253,37.47152724826194
37254,37.47152724826194
37255,37.47152724826194
37256,37.47152724826194
37257,37.47152724826194
37258,37.47152724826194
37259,37.47152724826194
37260,37.47152724826194
37261,37.47152724826194
37262,37.47152724826194
37263,37.47152724826194
37264,37.47152724826194
37265,37.47152724826194
37266,37.47152724826194
37267,37.47152724826194
37268,37.47152724826194
37269,37.47152724826194
37270,37.47152724826194
37271,37.47152724826194
37272,37.47152724826194
37308,37.47152724826194
37309,37.47152724826194
37310,37.47152724826194
37311,37.47152724826194
37398,37.47152724826194
37399,37.47152724826194
37400,37.47152724826194
37401,37.47152724826194
37430,37.47152724826194
37431,37.47152724826194
37432,37.47152724826194
37433,37.47152724826194
37434,37.47152724826194
37435,37.47152724826194
37436,37.47152724826194
37437,37.47152724826194
37438,37.47152724826194
37439,37.47152724826194
37440,37.47152724826194
37489,37.47152724826194
37490,37.47152724826194
37491,37.47152724826194
37492,37.47152724826194
37493,37.47152724826194
37494,37.47152724826194
37495,37.47152724826194
37555,37.47152724826194
37556,37.47152724826194
37557,37.47152724826194
37558,37.47152724826194
37559,37.47152724826194
37560,37.47152724826194
37561,37.47152724826194
37562,37.47152724826194
37563,37.47152724826194
37564,37.47152724826194
37577,37.47152724826194
37578,37.47152724826194
37579,37.47152724826194
37580,37.47152724826194
37581,37.47152724826194
37653,37.47152724826194
37654,37.47152724826194
37655,37.47152724826194
37656,37.47152724826194
37657,37.47152724826194
37658,37.47152724826194
37659,37.47152724826194
37660,37.47152724826194
37699,37.47152724826194
37700,37.47152724826194
37701,37.47152724826194
37702,37.47152724826194
37703,37.47152724826194
37704,37.47152724826194
37705,37.47152724826194
37706,37.47152724826194
37707,37.47152724826194
37708,37.47152724826194
37709,37.47152724826194
37710,37.47152724826194
37756,37.47152724826194
37757,37.47152724826194
37758,37.47152724826194
37759,37.47152724826194
37760,37.47152724826194
37761,37.47152724826194
37762,37.47152724826194
37767,37.47152724826194
37768,37.47152724826194
37769,37.47152724826194
37770,37.47152724826194
37771,37.47152724826194
37772,37.47152724826194
37773,37.47152724826194
37774,37.47152724826194
37775,37.47152724826194
37776,37.47152724826194
37777,37.47152724826194
37778,37.47152724826194
37816,37.47152724826194
37817,37.47152724826194
37818,37.47152724826194
37819,37.47152724826194
37862,37.47152724826194
37863,37.47152724826194
37864,37.47152724826194
37865,37.47152724826194
37960,37.47152724826194
37961,37.47152724826194
37962,37.47152724826194
37963,37.47152724826194
37964,37.47152724826194
37965,37.47152724826194
37966,37.47152724826194
37967,37.47152724826194
37968,37.47152724826194
37969,37.47152724826194
37970,37.47152724826194
37971,37.47152724826194
37994,37.47152724826194
37995,37.47152724826194
37996,37.47152724826194
37997,37.47152724826194
37998,37.47152724826194
38021,37.47152724826194
38022,37.47152724826194
38023,37.47152724826194
38024,37.47152724826194
38025,37.47152724826194
38026,37.47152724826194
38027,37.47152724826194
38028,37.47152724826194
38029,37.47152724826194
38030,37.47152724826194
38109,37.47152724826194
38110,37.47152724826194
38111,37.47152724826194
38112,37.47152724826194
38170,37.47152724826194
38171,37.47152724826194
38172,37.47152724826194
38173,37.47152724826194
38174,37.47152724826194
38175,37.47152724826194
38176,37.47152724826194
38177,37.47152724826194
38178,37.47152724826194
38179,37.47152724826194
38180,37.47152724826194
38181,37.47152724826194
38197,37.47152724826194
38198,37.47152724826194
38199,37.47152724826194
38200,37.47152724826194
38201,37.47152724826194
38202,37.47152724826194
38203,37.47152724826194
38204,37.47152724826194
38205,37.47152724826194
38206,37.47152724826194
38207,37.47152724826194
38208,37.47152724826194
38209,37.47152724826194
38210,37.47152724826194
38211,37.47152724826194
38212,37.47152724826194
38213,37.47152724826194
38214,37.47152724826194
38215,37.47152724826194
38216,37.47152724826194
38217,37.47152724826194
38218,37.47152724826194
38239,37.47152724826194
38240,37.47152724826194
38241,37.47152724826194
38242,37.47152724826194
38243,37.47152724826194
38244,37.47152724826194
38295,37.47152724826194
38296,37.47152724826194
38297,37.47152724826194
38298,37.47152724826194
38299,37.47152724826194
38300,37.47152724826194
38301,37.47152724826194
38302,37.47152724826194
38303,37.47152724826194
38304,37.47152724826194
38305,37.47152724826194
38306,37.47152724826194
38307,37.47152724826194
38308,37.47152724826194
38309,37.47152724826194
38310,37.47152724826194
38311,37.47152724826194
38312,37.47152724826194
38313,37.47152724826194
38314,37.47152724826194
38315,37.47152724826194
38316,37.47152724826194
38317,37.47152724826194
38318,37.47152724826194
38319,37.47152724826194
38320,37.47152724826194
38321,37.47152724826194
38322,37.47152724826194
38323,37.47152724826194
38324,37.47152724826194
38325,37.47152724826194
38326,37.47152724826194
38327,37.47152724826194
38328,37.47152724826194
38329,37.47152724826194
38330,37.47152724826194
38435,37.47152724826194
38436,37.47152724826194
38437,37.47152724826194
38438,37.47152724826194
38439,37.47152724826194
38440,37.47152724826194
38441,37.47152724826194
38442,37.47152724826194
38443,37.47152724826194
38444,37.47152724826194
38445,37.47152724826194
38446,37.47152724826194
38447,37.47152724826194
38448,37.47152724826194
38449,37.47152724826194
38450,37.47152724826194
38451,37.47152724826194
38615,37.47152724826194
38616,37.47152724826194
38617,37.47152724826194
38618,37.47152724826194
38619,37.47152724826194
38620,37.47152724826194
38621,37.47152724826194
38622,37.47152724826194
38623,37.47152724826194
38624,37.47152724826194
38625,37.47152724826194
38626,37.47152724826194
38627,37.47152724826194
38628,37.47152724826194
38629,37.47152724826194
38630,37.47152724826194
38631,37.47152724826194
38632,37.47152724826194
38633,37.47152724826194
38634,37.47152724826194
38786,37.47152724826194
38787,37.47152724826194
38788,37.47152724826194
38789,37.47152724826194
38790,37.47152724826194
38853,37.47152724826194
38854,37.47152724826194
38855,37.47152724826194
38856,37.47152724826194
38857,37.47152724826194
38858,37.47152724826194
38859,37.47152724826194
38860,37.47152724826194
38861,37.47152724826194
38862,37.47152724826194
38863,37.47152724826194
38864,37.47152724826194
38869,37.47152724826194
38870,37.47152724826194
38871,37.47152724826194
38872,37.47152724826194
38916,37.47152724826194
38917,37.47152724826194
38918,37.47152724826194
38919,37.47152724826194
38920,37.47152724826194
38921,37.47152724826194
38922,37.47152724826194
38923,37.47152724826194
38924,37.47152724826194
38925,37.47152724826194
38926,37.47152724826194
38927,37.47152724826194
38936,37.47152724826194
38937,37.47152724826194
38938,37.47152724826194
38939,37.47152724826194
38969,37.47152724826194
38970,37.47152724826194
38971,37.47152724826194
38972,37.47152724826194
38973,37.47152724826194
38974,37.47152724826194
38975,37.47152724826194
38976,37.47152724826194
38977,37.47152724826194
38990,37.47152724826194
38991,37.47152724826194
38992,37.47152724826194
38993,37.47152724826194
38994,37.47152724826194
39004,37.47152724826194
39005,37.47152724826194
39006,37.47152724826194
39007,37.47152724826194
39008,37.47152724826194
39009,37.47152724826194
39010,37.47152724826194
39011,37.47152724826194
39012,37.47152724826194
39013,37.47152724826194
39014,37.47152724826194
39015,37.47152724826194
39040,37.47152724826194
39041,37.47152724826194
39042,37.47152724826194
39043,37.47152724826194
39089,37.47152724826194
39090,37.47152724826194
39091,37.47152724826194
39092,37.47152724826194
39222,37.47152724826194
39223,37.47152724826194
39224,37.47152724826194
39225,37.47152724826194
39226,37.47152724826194
39227,37.47152724826194
39228,37.47152724826194
39229,37.47152724826194
39230,37.47152724826194
39231,37.47152724826194
39232,37.47152724826194
39233,37.47152724826194
39252,37.47152724826194
39253,37.47152724826194
39254,37.47152724826194
39255,37.47152724826194
39256,37.47152724826194
39257,37.47152724826194
39281,37.47152724826194
39282,37.47152724826194
39283,37.47152724826194
39284,37.47152724826194
39285,37.47152724826194
39313,37.47152724826194
39314,37.47152724826194
39315,37.47152724826194
39316,37.47152724826194
39338,37.47152724826194
39339,37.47152724826194
39340,37.47152724826194
39341,37.47152724826194
39342,37.47152724826194
39343,37.47152724826194
39344,37.47152724826194
39345,37.47152724826194
39346,37.47152724826194
39347,37.47152724826194
39348,37.47152724826194
39349,37.47152724826194
39408,37.47152724826194
39409,37.47152724826194
39410,37.47152724826194
39411,37.47152724826194
39412,37.47152724826194
39413,37.47152724826194
39414,37.47152724826194
39415,37.47152724826194
39416,37.47152724826194
39417,37.47152724826194
39418,37.47152724826194
39423,37.47152724826194
39424,37.47152724826194
39425,37.47152724826194
39426,37.47152724826194
39427,37.47152724826194
39428,37.47152724826194
39429,37.47152724826194
39430,37.47152724826194
39431,37.47152724826194
39436,37.47152724826194
39437,37.47152724826194
39438,37.47152724826194
39439,37.47152724826194
39440,37.47152724826194
39441,37.47152724826194
39442,37.47152724826194
39443,37.47152724826194
39444,37.47152724826194
39445,37.47152724826194
39474,37.47152724826194
39475,37.47152724826194
39476,37.47152724826194
39477,37.47152724826194
39478,37.47152724826194
39479,37.47152724826194
39480,37.47152724826194
39481,37.47152724826194
39482,37.47152724826194
39483,37.47152724826194
39484,37.47152724826194
39485,37.47152724826194
39486,37.47152724826194
39487,37.47152724826194
39488,37.47152724826194
39489,37.47152724826194
39522,37.47152724826194
39523,37.47152724826194
39524,37.47152724826194
39525,37.47152724826194
39537,37.47152724826194
39538,37.47152724826194
39539,37.47152724826194
39540,37.47152724826194
39541,37.47152724826194
39542,37.47152724826194
39543,37.47152724826194
39544,37.47152724826194
39557,37.47152724826194
39558,37.47152724826194
39559,37.47152724826194
39560,37.47152724826194
39561,37.47152724826194
39562,37.47152724826194
39563,37.47152724826194
39564,37.47152724826194
39565,37.47152724826194
39598,37.47152724826194
39599,37.47152724826194
39600,37.47152724826194
39601,37.47152724826194
39634,37.47152724826194
39635,37.47152724826194
39636,37.47152724826194
39637,37.47152724826194
39638,37.47152724826194
39639,37.47152724826194
39640,37.47152724826194
39641,37.47152724826194
39642,37.47152724826194
39643,37.47152724826194
39644,37.47152724826194
39645,37.47152724826194
39708,37.47152724826194
39709,37.47152724826194
39710,37.47152724826194
39711,37.47152724826194
39724,37.47152724826194
39725,37.47152724826194
39726,37.47152724826194
39727,37.47152724826194
39728,37.47152724826194
39729,37.47152724826194
39730,37.47152724826194
39731,37.47152724826194
39732,37.47152724826194
39773,37.47152724826194
39774,37.47152724826194
39775,37.47152724826194
39776,37.47152724826194
39777,37.47152724826194
39778,37.47152724826194
39779,37.47152724826194
39780,37.47152724826194
39781,37.47152724826194
39782,37.47152724826194
39783,37.47152724826194
39784,37.47152724826194
39785,37.47152724826194
39786,37.47152724826194
39787,37.47152724826194
39788,37.47152724826194
39789,37.47152724826194
39790,37.47152724826194
39803,37.47152724826194
39804,37.47152724826194
39805,37.47152724826194
39806,37.47152724826194
39807,37.47152724826194
39808,37.47152724826194
39809,37.47152724826194
39810,37.47152724826194
39811,37.47152724826194
39812,37.47152724826194
39813,37.47152724826194
39814,37.47152724826194
39815,37.47152724826194
39816,37.47152724826194
39817,37.47152724826194
39818,37.47152724826194
39819,37.47152724826194
39860,37.47152724826194
39861,37.47152724826194
39862,37.47152724826194
39863,37.47152724826194
39864,37.47152724826194
39865,37.47152724826194
39894,37.47152724826194
39895,37.47152724826194
39896,37.47152724826194
39897,37.47152724826194
39936,37.47152724826194
39937,37.47152724826194
39938,37.47152724826194
39939,37.47152724826194
39940,37.47152724826194
39941,37.47152724826194
39942,37.47152724826194
39943,37.47152724826194
39944,37.47152724826194
39945,37.47152724826194
39946,37.47152724826194
39947,37.47152724826194
39960,37.47152724826194
39961,37.47152724826194
39962,37.47152724826194
39963,37.47152724826194
39964,37.47152724826194
40034,37.47152724826194
40035,37.47152724826194
40036,37.47152724826194
40037,37.47152724826194
40038,37.47152724826194
40095,37.47152724826194
40096,37.47152724826194
40097,37.47152724826194
40098,37.47152724826194
40099,37.47152724826194
40100,37.47152724826194
40101,37.47152724826194
40131,37.47152724826194
40132,37.47152724826194
40133,37.47152724826194
40134,37.47152724826194
40135,37.47152724826194
40136,37.47152724826194
40137,37.47152724826194
40138,37.47152724826194
40206,37.47152724826194
40207,37.47152724826194
40208,37.47152724826194
40209,37.47152724826194
40210,37.47152724826194
40228,37.47152724826194
40229,37.47152724826194
40230,37.47152724826194
40231,37.47152724826194
40232,37.47152724826194
40233,37.47152724826194
40234,37.47152724826194
40235,37.47152724826194
40236,37.47152724826194
40237,37.47152724826194
40238,37.47152724826194
40239,37.47152724826194
40252,37.47152724826194
40253,37.47152724826194
40254,37.47152724826194
40255,37.47152724826194
40256,37.47152724826194
40257,37.47152724826194
40327,37.47152724826194
40328,37.47152724826194
40329,37.47152724826194
40330,37.47152724826194
40331,37.47152724826194
40332,37.47152724826194
40333,37.47152724826194
40334,37.47152724826194
40335,37.47152724826194
40336,37.47152724826194
40337,37.47152724826194
40338,37.47152724826194
40394,37.47152724826194
40395,37.47152724826194
40396,37.47152724826194
40397,37.47152724826194
40414,37.47152724826194
40415,37.47152724826194
40416,37.47152724826194
40417,37.47152724826194
40418,37.47152724826194
40419,37.47152724826194
40420,37.47152724826194
40421,37.47152724826194
40422,37.47152724826194
40423,37.47152724826194
40466,37.47152724826194
40467,37.47152724826194
40468,37.47152724826194
40469,37.47152724826194
40470,37.47152724826194
40471,37.47152724826194
40472,37.47152724826194
40473,37.47152724826194
40474,37.47152724826194
40475,37.47152724826194
40476,37.47152724826194
40481,37.47152724826194
40482,37.47152724826194
40483,37.47152724826194
40484,37.47152724826194
40485,37.47152724826194
40486,37.47152724826194
40487,37.47152724826194
40488,37.47152724826194
40489,37.47152724826194
40490,37.47152724826194
40491,37.47152724826194
40492,37.47152724826194
40493,37.47152724826194
40494,37.47152724826194
40495,37.47152724826194
40496,37.47152724826194
40497,37.47152724826194
40556,37.47152724826194
40557,37.47152724826194
40558,37.47152724826194
40559,37.47152724826194
40560,37.47152724826194
40561,37.47152724826194
40562,37.47152724826194
40563,37.47152724826194
40564,37.47152724826194
40565,37.47152724826194
40566,37.47152724826194
40567,37.47152724826194
40613,37.47152724826194
40614,37.47152724826194
40615,37.47152724826194
40616,37.47152724826194
40629,37.47152724826194
40630,37.47152724826194
40631,37.47152724826194
40632,37.47152724826194
40633,37.47152724826194
40634,37.47152724826194
40635,37.47152724826194
40636,37.47152724826194
40637,37.47152724826194
40638,37.47152724826194
40639,37.47152724826194
40740,37.47152724826194
40741,37.47152724826194
40742,37.47152724826194
40743,37.47152724826194
40744,37.47152724826194
40745,37.47152724826194
40746,37.47152724826194
40747,37.47152724826194
40748,37.47152724826194
40749,37.47152724826194
40766,37.47152724826194
40767,37.47152724826194
40768,37.47152724826194
40769,37.47152724826194
40770,37.47152724826194
40771,37.47152724826194
40772,37.47152724826194
40773,37.47152724826194
40774,37.47152724826194
40775,37.47152724826194
40776,37.47152724826194
40777,37.47152724826194
40778,37.47152724826194
40779,37.47152724826194
40780,37.47152724826194
40781,37.47152724826194
40837,37.47152724826194
40838,37.47152724826194
40839,37.47152724826194
40840,37.47152724826194
40841,37.47152724826194
40863,37.47152724826194
40864,37.47152724826194
40865,37.47152724826194
40866,37.47152724826194
40891,37.47152724826194
40892,37.47152724826194
40893,37.47152724826194
40894,37.47152724826194
40903,37.47152724826194
40904,37.47152724826194
40905,37.47152724826194
40906,37.47152724826194
40925,37.47152724826194
40926,37.47152724826194
40927,37.47152724826194
40928,37.47152724826194
40963,37.47152724826194
40964,37.47152724826194
40965,37.47152724826194
40966,37.47152724826194
40967,37.47152724826194
40968,37.47152724826194
40969,37.47152724826194
40970,37.47152724826194
40971,37.47152724826194
40972,37.47152724826194
40973,37.47152724826194
40974,37.47152724826194
41003,37.47152724826194
41004,37.47152724826194
41005,37.47152724826194
41006,37.47152724826194
41079,37.47152724826194
41080,37.47152724826194
41081,37.47152724826194
41082,37.47152724826194
41083,37.47152724826194
41084,37.47152724826194
41101,37.47152724826194
41102,37.47152724826194
41103,37.47152724826194
41104,37.47152724826194
41105,37.47152724826194
41106,37.47152724826194
41107,37.47152724826194
41108,37.47152724826194
41109,37.47152724826194
41110,37.47152724826194
41111,37.47152724826194
41112,37.47152724826194
41129,37.47152724826194
41130,37.47152724826194
41131,37.47152724826194
41132,37.47152724826194
41133,37.47152724826194
41134,37.47152724826194
41135,37.47152724826194
41136,37.47152724826194
41137,37.47152724826194
41138,37.47152724826194
41139,37.47152724826194
41140,37.47152724826194
41141,37.47152724826194
41142,37.47152724826194
41143,37.47152724826194
41144,37.47152724826194
41145,37.47152724826194
41146,37.47152724826194
41147,37.47152724826194
41207,37.47152724826194
41208,37.47152724826194
41209,37.47152724826194
41210,37.47152724826194
41211,37.47152724826194
41212,37.47152724826194
41236,37.47152724826194
41237,37.47152724826194
41238,37.47152724826194
41239,37.47152724826194
41268,37.47152724826194
41269,37.47152724826194
41270,37.47152724826194
41271,37.47152724826194
41272,37.47152724826194
41339,37.47152724826194
41340,37.47152724826194
41341,37.47152724826194
41342,37.47152724826194
41377,37.47152724826194
41378,37.47152724826194
41379,37.47152724826194
41380,37.47152724826194
41381,37.47152724826194
41382,37.47152724826194
41383,37.47152724826194
41384,37.47152724826194
41385,37.47152724826194
41386,37.47152724826194
41387,37.47152724826194
41388,37.47152724826194
41401,37.47152724826194
41402,37.47152724826194
41403,37.47152724826194
41404,37.47152724826194
41405,37.47152724826194
41406,37.47152724826194
41407,37.47152724826194
41446,37.47152724826194
41447,37.47152724826194
41448,37.47152724826194
41449,37.47152724826194
41450,37.47152724826194
41451,37.47152724826194
41452,37.47152724826194
41453,37.47152724826194
41454,37.47152724826194
41455,37.47152724826194
41456,37.47152724826194
41457,37.47152724826194
41484,37.47152724826194
41485,37.47152724826194
41486,37.47152724826194
41487,37.47152724826194
41488,37.47152724826194
41493,37.47152724826194
41494,37.47152724826194
41495,37.47152724826194
41496,37.47152724826194
41497,37.47152724826194
41498,37.47152724826194
41499,37.47152724826194
41500,37.47152724826194
41501,37.47152724826194
41506,37.47152724826194
41507,37.47152724826194
41508,37.47152724826194
41509,37.47152724826194
41510,37.47152724826194
41511,37.47152724826194
41512,37.47152724826194
41513,37.47152724826194
41514,37.47152724826194
41515,37.47152724826194
41516,37.47152724826194
41517,37.47152724826194
41518,37.47152724826194
41519,37.47152724826194
41520,37.47152724826194
41521,37.47152724826194
41530,37.47152724826194
41531,37.47152724826194
41532,37.47152724826194
41533,37.47152724826194
41534,37.47152724826194
41535,37.47152724826194
41536,37.47152724826194
41537,37.47152724826194
41538,37.47152724826194
41539,37.47152724826194
41540,37.47152724826194
41541,37.47152724826194
41559,37.47152724826194
41560,37.47152724826194
41561,37.47152724826194
41562,37.47152724826194
41563,37.47152724826194
41564,37.47152724826194
41565,37.47152724826194
41566,37.47152724826194
41567,37.47152724826194
41568,37.47152724826194
41569,37.47152724826194
41570,37.47152724826194
41579,37.47152724826194
41580,37.47152724826194
41581,37.47152724826194
41582,37.47152724826194
41595,37.47152724826194
41596,37.47152724826194
41597,37.47152724826194
41598,37.47152724826194
41599,37.47152724826194
41600,37.47152724826194
41601,37.47152724826194
41602,37.47152724826194
41603,37.47152724826194
41604,37.47152724826194
41605,37.47152724826194
41606,37.47152724826194
41652,37.47152724826194
41653,37.47152724826194
41654,37.47152724826194
41655,37.47152724826194
41807,37.47152724826194
41808,37.47152724826194
41809,37.47152724826194
41810,37.47152724826194
41811,37.47152724826194
41812,37.47152724826194
41813,37.47152724826194
41814,37.47152724826194
41815,37.47152724826194
41816,37.47152724826194
41817,37.47152724826194
41818,37.47152724826194
41856,37.47152724826194
41857,37.47152724826194
41858,37.47152724826194
41859,37.47152724826194
41860,37.47152724826194
41861,37.47152724826194
41862,37.47152724826194
41863,37.47152724826194
41864,37.47152724826194
41865,37.47152724826194
41866,37.47152724826194
41867,37.47152724826194
41868,37.47152724826194
41869,37.47152724826194
41870,37.47152724826194
41871,37.47152724826194
41872,37.47152724826194
41901,37.47152724826194
41902,37.47152724826194
41903,37.47152724826194
41904,37.47152724826194
41905,37.47152724826194
41906,37.47152724826194
41907,37.47152724826194
41908,37.47152724826194
41909,37.47152724826194
41910,37.47152724826194
41911,37.47152724826194
41912,37.47152724826194
41929,37.47152724826194
41930,37.47152724826194
41931,37.47152724826194
41932,37.47152724826194
41933,37.47152724826194
41934,37.47152724826194
41935,37.47152724826194
41936,37.47152724826194
41937,37.47152724826194
41938,37.47152724826194
41939,37.47152724826194
41940,37.47152724826194
41941,37.47152724826194
41942,37.47152724826194
41943,37.47152724826194
41944,37.47152724826194
41972,37.47152724826194
41973,37.47152724826194
41974,37.47152724826194
41975,37.47152724826194
41976,37.47152724826194
41977,37.47152724826194
41978,37.47152724826194
42010,37.47152724826194
42011,37.47152724826194
42012,37.47152724826194
42013,37.47152724826194
42014,37.47152724826194
42015,37.47152724826194
42016,37.47152724826194
42017,37.47152724826194
42018,37.47152724826194
42019,37.47152724826194
42020,37.47152724826194
42021,37.47152724826194
42022,37.47152724826194
42023,37.47152724826194
42024,37.47152724826194
42025,37.47152724826194
42026,37.47152724826194
42027,37.47152724826194
42028,37.47152724826194
42029,37.47152724826194
42036,37.47152724826194
42037,37.47152724826194
42038,37.47152724826194
42039,37.47152724826194
42040,37.47152724826194
42121,37.47152724826194
42122,37.47152724826194
42123,37.47152724826194
42124,37.47152724826194
42125,37.47152724826194
42126,37.47152724826194
42127,37.47152724826194
42128,37.47152724826194
42129,37.47152724826194
42130,37.47152724826194
42131,37.47152724826194
42132,37.47152724826194
42133,37.47152724826194
42134,37.47152724826194
42135,37.47152724826194
42136,37.47152724826194
42137,37.47152724826194
42138,37.47152724826194
42139,37.47152724826194
42140,37.47152724826194
42141,37.47152724826194
42142,37.47152724826194
42143,37.47152724826194
42144,37.47152724826194
42181,37.47152724826194
42182,37.47152724826194
42183,37.47152724826194
42184,37.47152724826194
42404,37.47152724826194
42405,37.47152724826194
42406,37.47152724826194
42407,37.47152724826194
42408,37.47152724826194
42409,37.47152724826194
42410,37.47152724826194
42411,37.47152724826194
42412,37.47152724826194
42413,37.47152724826194
42438,37.47152724826194
42439,37.47152724826194
42440,37.47152724826194
42441,37.47152724826194
42442,37.47152724826194
42443,37.47152724826194
42444,37.47152724826194
42445,37.47152724826194
42446,37.47152724826194
42447,37.47152724826194
42448,37.47152724826194
42615,37.47152724826194
42616,37.47152724826194
42617,37.47152724826194
42618,37.47152724826194
42619,37.47152724826194
42620,37.47152724826194
42621,37.47152724826194
42622,37.47152724826194
42623,37.47152724826194
42624,37.47152724826194
42625,37.47152724826194
42626,37.47152724826194
42639,37.47152724826194
42640,37.47152724826194
42641,37.47152724826194
42642,37.47152724826194
42643,37.47152724826194
42711,37.47152724826194
42712,37.47152724826194
42713,37.47152724826194
42714,37.47152724826194
42715,37.47152724826194
42716,37.47152724826194
42717,37.47152724826194
42718,37.47152724826194
42719,37.47152724826194
42720,37.47152724826194
42721,37.47152724826194
42722,37.47152724826194
42749,37.47152724826194
42750,37.47152724826194
42751,37.47152724826194
42752,37.47152724826194
42778,37.47152724826194
42779,37.47152724826194
42780,37.47152724826194
42781,37.47152724826194
42782,37.47152724826194
42870,37.47152724826194
42871,37.47152724826194
42872,37.47152724826194
42873,37.47152724826194
42874,37.47152724826194
42875,37.47152724826194
42876,37.47152724826194
42877,37.47152724826194
42878,37.47152724826194
42879,37.47152724826194
42880,37.47152724826194
42881,37.47152724826194
42977,37.47152724826194
42978,37.47152724826194
42979,37.47152724826194
42980,37.47152724826194
42981,37.47152724826194
42982,37.47152724826194
42983,37.47152724826194
42984,37.47152724826194
42985,37.47152724826194
42986,37.47152724826194
42987,37.47152724826194
42988,37.47152724826194
42994,37.47152724826194
42995,37.47152724826194
42996,37.47152724826194
42997,37.47152724826194
42998,37.47152724826194
42999,37.47152724826194
43000,37.47152724826194
43001,37.47152724826194
43002,37.47152724826194
43003,37.47152724826194
43004,37.47152724826194
43005,37.47152724826194
43018,37.47152724826194
43019,37.47152724826194
43020,37.47152724826194
43021,37.47152724826194
43038,37.47152724826194
43039,37.47152724826194
43040,37.47152724826194
43041,37.47152724826194
43042,37.47152724826194
43043,37.47152724826194
43044,37.47152724826194
43045,37.47152724826194
43046,37.47152724826194
43047,37.47152724826194
43048,37.47152724826194
43049,37.47152724826194
43050,37.47152724826194
43051,37.47152724826194
43052,37.47152724826194
43053,37.47152724826194
43058,37.47152724826194
43059,37.47152724826194
43060,37.47152724826194
43061,37.47152724826194
43062,37.47152724826194
43063,37.47152724826194
43064,37.47152724826194
43065,37.47152724826194
43066,37.47152724826194
43067,37.47152724826194
43068,37.47152724826194
43069,37.47152724826194
43120,37.47152724826194
43121,37.47152724826194
43122,37.47152724826194
43123,37.47152724826194
43124,37.47152724826194
43125,37.47152724826194
43126,37.47152724826194
43127,37.47152724826194
43128,37.47152724826194
43129,37.47152724826194
43130,37.47152724826194
43131,37.47152724826194
43132,37.47152724826194
43133,37.47152724826194
43134,37.47152724826194
43135,37.47152724826194
43145,37.47152724826194
43146,37.47152724826194
43147,37.47152724826194
43148,37.47152724826194
43149,37.47152724826194
43150,37.47152724826194
43173,37.47152724826194
43174,37.47152724826194
43175,37.47152724826194
43176,37.47152724826194
43203,37.47152724826194
43204,37.47152724826194
43205,37.47152724826194
43206,37.47152724826194
43223,37.47152724826194
43224,37.47152724826194
43225,37.47152724826194
43226,37.47152724826194
43227,37.47152724826194
43228,37.47152724826194
43229,37.47152724826194
43230,37.47152724826194
43231,37.47152724826194
43232,37.47152724826194
43233,37.47152724826194
43234,37.47152724826194
43279,37.47152724826194
43280,37.47152724826194
43281,37.47152724826194
43282,37.47152724826194
43283,37.47152724826194
43335,37.47152724826194
43336,37.47152724826194
43337,37.47152724826194
43338,37.47152724826194
43339,37.47152724826194
43340,37.47152724826194
43341,37.47152724826194
43342,37.47152724826194
43343,37.47152724826194
43344,37.47152724826194
43397,37.47152724826194
43398,37.47152724826194
43399,37.47152724826194
43400,37.47152724826194
43401,37.47152724826194
43402,37.47152724826194
43403,37.47152724826194
43404,37.47152724826194
43405,37.47152724826194
43406,37.47152724826194
43419,37.47152724826194
43420,37.47152724826194
43421,37.47152724826194
43422,37.47152724826194
43423,37.47152724826194
43424,37.47152724826194
43425,37.47152724826194
43426,37.47152724826194
43427,37.47152724826194
43428,37.47152724826194
43429,37.47152724826194
43430,37.47152724826194
43457,37.47152724826194
43458,37.47152724826194
43459,37.47152724826194
43460,37.47152724826194
43461,37.47152724826194
43462,37.47152724826194
43463,37.47152724826194
43464,37.47152724826194
43465,37.47152724826194
43466,37.47152724826194
43467,37.47152724826194
43468,37.47152724826194
43506,37.47152724826194
43507,37.47152724826194
43508,37.47152724826194
43509,37.47152724826194
43510,37.47152724826194
43511,37.47152724826194
43512,37.47152724826194
43513,37.47152724826194
43514,37.47152724826194
43515,37.47152724826194
43516,37.47152724826194
43521,37.47152724826194
43522,37.47152724826194
43523,37.47152724826194
43524,37.47152724826194
43532,37.47152724826194
43533,37.47152724826194
43534,37.47152724826194
43535,37.47152724826194
43536,37.47152724826194
43537,37.47152724826194
43538,37.47152724826194
43539,37.47152724826194
43540,37.47152724826194
43541,37.47152724826194
43542,37.47152724826194
43543,37.47152724826194
43616,37.47152724826194
43617,37.47152724826194
43618,37.47152724826194
43619,37.47152724826194
43620,37.47152724826194
43621,37.47152724826194
43622,37.47152724826194
43623,37.47152724826194
43624,37.47152724826194
43625,37.47152724826194
43626,37.47152724826194
43627,37.47152724826194
43776,37.47152724826194
43777,37.47152724826194
43778,37.47152724826194
43779,37.47152724826194
43857,37.47152724826194
43858,37.47152724826194
43859,37.47152724826194
43860,37.47152724826194
43879,37.47152724826194
43880,37.47152724826194
43881,37.47152724826194
43882,37.47152724826194
43883,37.47152724826194
43884,37.47152724826194
43885,37.47152724826194
43886,37.47152724826194
43958,37.47152724826194
43959,37.47152724826194
43960,37.47152724826194
43961,37.47152724826194
43962,37.47152724826194
43963,37.47152724826194
43964,37.47152724826194
43965,37.47152724826194
43966,37.47152724826194
43967,37.47152724826194
43968,37.47152724826194
43969,37.47152724826194
43970,37.47152724826194
43971,37.47152724826194
43972,37.47152724826194
43973,37.47152724826194
43974,37.47152724826194
43987,37.47152724826194
43988,37.47152724826194
43989,37.47152724826194
43990,37.47152724826194
43991,37.47152724826194
43992,37.47152724826194
43993,37.47152724826194
43994,37.47152724826194
43995,37.47152724826194
43996,37.47152724826194
43997,37.47152724826194
43998,37.47152724826194
43999,37.47152724826194
44000,37.47152724826194
44001,37.47152724826194
44002,37.47152724826194
44074,37.47152724826194
44075,37.47152724826194
44076,37.47152724826194
44077,37.47152724826194
44078,37.47152724826194
44079,37.47152724826194
44080,37.47152724826194
44081,37.47152724826194
44082,37.47152724826194
44083,37.47152724826194
44096,37.47152724826194
44097,37.47152724826194
44098,37.47152724826194
44099,37.47152724826194
44125,37.47152724826194
44126,37.47152724826194
44127,37.47152724826194
44128,37.47152724826194
44129,37.47152724826194
44130,37.47152724826194
44131,37.47152724826194
44132,37.47152724826194
44133,37.47152724826194
44134,37.47152724826194
44135,37.47152724826194
44136,37.47152724826194
44188,37.47152724826194
44189,37.47152724826194
44190,37.47152724826194
44191,37.47152724826194
44192,37.47152724826194
44193,37.47152724826194
44194,37.47152724826194
44195,37.47152724826194
44196,37.47152724826194
44197,37.47152724826194
44198,37.47152724826194
44199,37.47152724826194
44200,37.47152724826194
44201,37.47152724826194
44202,37.47152724826194
44203,37.47152724826194
44262,37.47152724826194
44263,37.47152724826194
44264,37.47152724826194
44265,37.47152724826194
44266,37.47152724826194
44267,37.47152724826194
44268,37.47152724826194
44269,37.47152724826194
44270,37.47152724826194
44271,37.47152724826194
44272,37.47152724826194
44273,37.47152724826194
44274,37.47152724826194
44275,37.47152724826194
44276,37.47152724826194
44277,37.47152724826194
44278,37.47152724826194
44279,37.47152724826194
44280,37.47152724826194
44281,37.47152724826194
44282,37.47152724826194
44283,37.47152724826194
44284,37.47152724826194
44285,37.47152724826194
44286,37.47152724826194
44287,37.47152724826194
44288,37.47152724826194
44289,37.47152724826194
44306,37.47152724826194
44307,37.47152724826194
44308,37.47152724826194
44309,37.47152724826194
44310,37.47152724826194
44311,37.47152724826194
44312,37.47152724826194
44313,37.47152724826194
44314,37.47152724826194
44315,37.47152724826194
44316,37.47152724826194
44317,37.47152724826194
44318,37.47152724826194
44319,37.47152724826194
44332,37.47152724826194
44333,37.47152724826194
44334,37.47152724826194
44335,37.47152724826194
44336,37.47152724826194
44337,37.47152724826194
44338,37.47152724826194
44339,37.47152724826194
44340,37.47152724826194
44424,37.47152724826194
44425,37.47152724826194
44426,37.47152724826194
44427,37.47152724826194
44428,37.47152724826194
44429,37.47152724826194
44443,37.47152724826194
44444,37.47152724826194
44445,37.47152724826194
44446,37.47152724826194
44458,37.47152724826194
44459,37.47152724826194
44460,37.47152724826194
44461,37.47152724826194
44474,37.47152724826194
44475,37.47152724826194
44476,37.47152724826194
44477,37.47152724826194
44478,37.47152724826194
44479,37.47152724826194
44504,37.47152724826194
44505,37.47152724826194
44506,37.47152724826194
44507,37.47152724826194
44508,37.47152724826194
44509,37.47152724826194
44510,37.47152724826194
44511,37.47152724826194
44516,37.47152724826194
44517,37.47152724826194
44518,37.47152724826194
44519,37.47152724826194
44582,37.47152724826194
44583,37.47152724826194
44584,37.47152724826194
44585,37.47152724826194
44586,37.47152724826194
44640,37.47152724826194
44641,37.47152724826194
44642,37.47152724826194
44643,37.47152724826194
44644,37.47152724826194
44645,37.47152724826194
44646,37.47152724826194
44647,37.47152724826194
44648,37.47152724826194
44649,37.47152724826194
44650,37.47152724826194
44651,37.47152724826194
44669,37.47152724826194
44670,37.47152724826194
44671,37.47152724826194
44672,37.47152724826194
44692,37.47152724826194
44693,37.47152724826194
44694,37.47152724826194
44695,37.47152724826194
44696,37.47152724826194
44697,37.47152724826194
44698,37.47152724826194
44699,37.47152724826194
44700,37.47152724826194
44728,37.47152724826194
44729,37.47152724826194
44730,37.47152724826194
44731,37.47152724826194
44732,37.47152724826194
44733,37.47152724826194
44734,37.47152724826194
44837,37.47152724826194
44838,37.47152724826194
44839,37.47152724826194
44840,37.47152724826194
44841,37.47152724826194
44842,37.47152724826194
44843,37.47152724826194
44844,37.47152724826194
44845,37.47152724826194
44846,37.47152724826194
44847,37.47152724826194
44848,37.47152724826194
44849,37.47152724826194
44850,37.47152724826194
44851,37.47152724826194
44852,37.47152724826194
44853,37.47152724826194
44854,37.47152724826194
44855,37.47152724826194
44856,37.47152724826194
44857,37.47152724826194
44858,37.47152724826194
44859,37.47152724826194
44860,37.47152724826194
44861,37.47152724826194
44862,37.47152724826194
44863,37.47152724826194
44864,37.47152724826194
44885,37.47152724826194
44886,37.47152724826194
44887,37.47152724826194
44888,37.47152724826194
44897,37.47152724826194
44898,37.47152724826194
44899,37.47152724826194
44900,37.47152724826194
44901,37.47152724826194
44902,37.47152724826194
45041,37.47152724826194
45042,37.47152724826194
45043,37.47152724826194
45044,37.47152724826194
45045,37.47152724826194
45046,37.47152724826194
45047,37.47152724826194
45048,37.47152724826194
45049,37.47152724826194
45070,37.47152724826194
45071,37.47152724826194
45072,37.47152724826194
45073,37.47152724826194
45074,37.47152724826194
45075,37.47152724826194
45076,37.47152724826194
45077,37.47152724826194
45078,37.47152724826194
45079,37.47152724826194
45080,37.47152724826194
45081,37.47152724826194
45082,37.47152724826194
45083,37.47152724826194
45084,37.47152724826194
45085,37.47152724826194
45086,37.47152724826194
45087,37.47152724826194
45093,37.47152724826194
45094,37.47152724826194
45095,37.47152724826194
45096,37.47152724826194
45097,37.47152724826194
45098,37.47152724826194
45099,37.47152724826194
45100,37.47152724826194
45101,37.47152724826194
45102,37.47152724826194
45103,37.47152724826194
45104,37.47152724826194
45105,37.47152724826194
45106,37.47152724826194
45107,37.47152724826194
45108,37.47152724826194
45140,37.47152724826194
45141,37.47152724826194
45142,37.47152724826194
45143,37.47152724826194
45144,37.47152724826194
45145,37.47152724826194
45146,37.47152724826194
45147,37.47152724826194
45148,37.47152724826194
45149,37.47152724826194
45150,37.47152724826194
45151,37.47152724826194
45176,37.47152724826194
45177,37.47152724826194
45178,37.47152724826194
45179,37.47152724826194
45180,37.47152724826194
45181,37.47152724826194
45182,37.47152724826194
45183,37.47152724826194
45184,37.47152724826194
45185,37.47152724826194
45186,37.47152724826194
45187,37.47152724826194
45253,37.47152724826194
45254,37.47152724826194
45255,37.47152724826194
45256,37.47152724826194
45283,37.47152724826194
45284,37.47152724826194
45285,37.47152724826194
45286,37.47152724826194
45287,37.47152724826194
45288,37.47152724826194
45289,37.47152724826194
45290,37.47152724826194
45291,37.47152724826194
45292,37.47152724826194
45293,37.47152724826194
45294,37.47152724826194
45354,37.47152724826194
45355,37.47152724826194
45356,37.47152724826194
45357,37.47152724826194
45399,37.47152724826194
45400,37.47152724826194
45401,37.47152724826194
45402,37.47152724826194
45432,37.47152724826194
45433,37.47152724826194
45434,37.47152724826194
45435,37.47152724826194
45476,37.47152724826194
45477,37.47152724826194
45478,37.47152724826194
45479,37.47152724826194
45480,37.47152724826194
45481,37.47152724826194
45482,37.47152724826194
45483,37.47152724826194
45484,37.47152724826194
45500,37.47152724826194
45501,37.47152724826194
45502,37.47152724826194
45503,37.47152724826194
45504,37.47152724826194
45505,37.47152724826194
45506,37.47152724826194
45507,37.47152724826194
45508,37.47152724826194
45509,37.47152724826194
45510,37.47152724826194
45511,37.47152724826194
45512,37.47152724826194
45513,37.47152724826194
45514,37.47152724826194
45515,37.47152724826194
45556,37.47152724826194
45557,37.47152724826194
45558,37.47152724826194
45559,37.47152724826194
45560,37.47152724826194
45561,37.47152724826194
45562,37.47152724826194
45563,37.47152724826194
45564,37.47152724826194
45565,37.47152724826194
45566,37.47152724826194
45567,37.47152724826194
45568,37.47152724826194
45592,37.47152724826194
45593,37.47152724826194
45594,37.47152724826194
45595,37.47152724826194
45662,37.47152724826194
45663,37.47152724826194
45664,37.47152724826194
45665,37.47152724826194
45666,37.47152724826194
45667,37.47152724826194
45668,37.47152724826194
45669,37.47152724826194
45670,37.47152724826194
45671,37.47152724826194
45672,37.47152724826194
45673,37.47152724826194
45690,37.47152724826194
45691,37.47152724826194
45692,37.47152724826194
45693,37.47152724826194
45694,37.47152724826194
45695,37.47152724826194
45696,37.47152724826194
45697,37.47152724826194
45698,37.47152724826194
45699,37.47152724826194
45700,37.47152724826194
45701,37.47152724826194
45702,37.47152724826194
45703,37.47152724826194
45704,37.47152724826194
45705,37.47152724826194
45706,37.47152724826194
45707,37.47152724826194
45736,37.47152724826194
45737,37.47152724826194
45738,37.47152724826194
45739,37.47152724826194
45740,37.47152724826194
45741,37.47152724826194
45742,37.47152724826194
45743,37.47152724826194
45744,37.47152724826194
45745,37.47152724826194
45746,37.47152724826194
45747,37.47152724826194
45820,37.47152724826194
45821,37.47152724826194
45822,37.47152724826194
45823,37.47152724826194
45824,37.47152724826194
45825,37.47152724826194
45826,37.47152724826194
45827,37.47152724826194
45828,37.47152724826194
45829,37.47152724826194
45830,37.47152724826194
45831,37.47152724826194
45832,37.47152724826194
45833,37.47152724826194
45834,37.47152724826194
45835,37.47152724826194
45836,37.47152724826194
45837,37.47152724826194
45838,37.47152724826194
45839,37.47152724826194
45840,37.47152724826194
45841,37.47152724826194
45842,37.47152724826194
45843,37.47152724826194
45873,37.47152724826194
45874,37.47152724826194
45875,37.47152724826194
45876,37.47152724826194
45877,37.47152724826194
45878,37.47152724826194
45879,37.47152724826194
45880,37.47152724826194
45881,37.47152724826194
45882,37.47152724826194
45883,37.47152724826194
45884,37.47152724826194
45920,37.47152724826194
45921,37.47152724826194
45922,37.47152724826194
45923,37.47152724826194
45924,37.47152724826194
45925,37.47152724826194
45926,37.47152724826194
45927,37.47152724826194
45928,37.47152724826194
45929,37.47152724826194
45930,37.47152724826194
45931,37.47152724826194
45944,37.47152724826194
45945,37.47152724826194
45946,37.47152724826194
45947,37.47152724826194
45948,37.47152724826194
45978,37.47152724826194
45979,37.47152724826194
45980,37.47152724826194
45981,37.47152724826194
45982,37.47152724826194
45983,37.47152724826194
45984,37.47152724826194
45985,37.47152724826194
45986,37.47152724826194
45987,37.47152724826194
45988,37.47152724826194
45989,37.47152724826194
46068,37.47152724826194
46069,37.47152724826194
46070,37.47152724826194
46071,37.47152724826194
46072,37.47152724826194
46073,37.47152724826194
46074,37.47152724826194
46075,37.47152724826194
46088,37.47152724826194
46089,37.47152724826194
46090,37.47152724826194
46091,37.47152724826194
46092,37.47152724826194
46093,37.47152724826194
46094,37.47152724826194
46150,37.47152724826194
46151,37.47152724826194
46152,37.47152724826194
46153,37.47152724826194
46154,37.47152724826194
46155,37.47152724826194
46156,37.47152724826194
46157,37.47152724826194
46158,37.47152724826194
46181,37.47152724826194
46182,37.47152724826194
46183,37.47152724826194
46184,37.47152724826194
46216,37.47152724826194
46217,37.47152724826194
46218,37.47152724826194
46219,37.47152724826194
46220,37.47152724826194
46249,37.47152724826194
46250,37.47152724826194
46251,37.47152724826194
46252,37.47152724826194
46253,37.47152724826194
46254,37.47152724826194
46255,37.47152724826194
46256,37.47152724826194
46257,37.47152724826194
46258,37.47152724826194
46259,37.47152724826194
46260,37.47152724826194
46272,37.47152724826194
46273,37.47152724826194
46274,37.47152724826194
46275,37.47152724826194
46276,37.47152724826194
46277,37.47152724826194
46278,37.47152724826194
46279,37.47152724826194
46280,37.47152724826194
46281,37.47152724826194
46282,37.47152724826194
46283,37.47152724826194
46288,37.47152724826194
46289,37.47152724826194
46290,37.47152724826194
46291,37.47152724826194
46312,37.47152724826194
46313,37.47152724826194
46314,37.47152724826194
46315,37.47152724826194
46316,37.47152724826194
46317,37.47152724826194
46318,37.47152724826194
46319,37.47152724826194
46320,37.47152724826194
46321,37.47152724826194
46322,37.47152724826194
46323,37.47152724826194
46324,37.47152724826194
46325,37.47152724826194
46326,37.47152724826194
46327,37.47152724826194
46340,37.47152724826194
46341,37.47152724826194
46342,37.47152724826194
46343,37.47152724826194
46425,37.47152724826194
46426,37.47152724826194
46427,37.47152724826194
46428,37.47152724826194
46429,37.47152724826194
46437,37.47152724826194
46438,37.47152724826194
46439,37.47152724826194
46440,37.47152724826194
46470,37.47152724826194
46471,37.47152724826194
46472,37.47152724826194
46473,37.47152724826194
46474,37.47152724826194
46475,37.47152724826194
46476,37.47152724826194
46477,37.47152724826194
46478,37.47152724826194
46479,37.47152724826194
46480,37.47152724826194
46481,37.47152724826194
46530,37.47152724826194
46531,37.47152724826194
46532,37.47152724826194
46533,37.47152724826194
46602,37.47152724826194
46603,37.47152724826194
46604,37.47152724826194
46605,37.47152724826194
46635,37.47152724826194
46636,37.47152724826194
46637,37.47152724826194
46638,37.47152724826194
46672,37.47152724826194
46673,37.47152724826194
46674,37.47152724826194
46675,37.47152724826194
46676,37.47152724826194
46677,37.47152724826194
46678,37.47152724826194
46679,37.47152724826194
46680,37.47152724826194
46681,37.47152724826194
46682,37.47152724826194
46683,37.47152724826194
46684,37.47152724826194
46685,37.47152724826194
46686,37.47152724826194
46687,37.47152724826194
46688,37.47152724826194
46736,37.47152724826194
46737,37.47152724826194
46738,37.47152724826194
46739,37.47152724826194
46780,37.47152724826194
46781,37.47152724826194
46782,37.47152724826194
46783,37.47152724826194
46784,37.47152724826194
46811,37.47152724826194
46812,37.47152724826194
46813,37.47152724826194
46814,37.47152724826194
46815,37.47152724826194
46816,37.47152724826194
46817,37.47152724826194
46818,37.47152724826194
46819,37.47152724826194
46820,37.47152724826194
46821,37.47152724826194
46822,37.47152724826194
46839,37.47152724826194
46840,37.47152724826194
46841,37.47152724826194
46842,37.47152724826194
46843,37.47152724826194
46844,37.47152724826194
46845,37.47152724826194
46846,37.47152724826194
46847,37.47152724826194
46848,37.47152724826194
46849,37.47152724826194
46850,37.47152724826194
46977,37.47152724826194
46978,37.47152724826194
46979,37.47152724826194
46980,37.47152724826194
46981,37.47152724826194
47007,37.47152724826194
47008,37.47152724826194
47009,37.47152724826194
47010,37.47152724826194
47011,37.47152724826194
47012,37.47152724826194
47013,37.47152724826194
47014,37.47152724826194
47015,37.47152724826194
47038,37.47152724826194
47039,37.47152724826194
47040,37.47152724826194
47041,37.47152724826194
47042,37.47152724826194
47043,37.47152724826194
47044,37.47152724826194
47045,37.47152724826194
47046,37.47152724826194
47047,37.47152724826194
47048,37.47152724826194
47049,37.47152724826194
47141,37.47152724826194
47142,37.47152724826194
47143,37.47152724826194
47144,37.47152724826194
47145,37.47152724826194
47146,37.47152724826194
47147,37.47152724826194
47148,37.47152724826194
47149,37.47152724826194
47150,37.47152724826194
47151,37.47152724826194
47152,37.47152724826194
47211,37.47152724826194
47212,37.47152724826194
47213,37.47152724826194
47214,37.47152724826194
47215,37.47152724826194
47216,37.47152724826194
47217,37.47152724826194
47218,37.47152724826194
47219,37.47152724826194
47220,37.47152724826194
47221,37.47152724826194
47222,37.47152724826194
47223,37.47152724826194
47224,37.47152724826194
47225,37.47152724826194
47226,37.47152724826194
47227,37.47152724826194
47228,37.47152724826194
47229,37.47152724826194
47230,37.47152724826194
47231,37.47152724826194
47276,37.47152724826194
47277,37.47152724826194
47278,37.47152724826194
47279,37.47152724826194
47280,37.47152724826194
47281,37.47152724826194
47282,37.47152724826194
47283,37.47152724826194
47284,37.47152724826194
47285,37.47152724826194
47286,37.47152724826194
47287,37.47152724826194
47288,37.47152724826194
47289,37.47152724826194
47290,37.47152724826194
47291,37.47152724826194
47292,37.47152724826194
47293,37.47152724826194
47294,37.47152724826194
47295,37.47152724826194
47296,37.47152724826194
47297,37.47152724826194
47298,37.47152724826194
47299,37.47152724826194
47300,37.47152724826194
47301,37.47152724826194
47326,37.47152724826194
47327,37.47152724826194
47328,37.47152724826194
47329,37.47152724826194
47330,37.47152724826194
47331,37.47152724826194
47332,37.47152724826194
47333,37.47152724826194
47334,37.47152724826194
47335,37.47152724826194
47336,37.47152724826194
47337,37.47152724826194
47377,37.47152724826194
47378,37.47152724826194
47379,37.47152724826194
47380,37.47152724826194
47381,37.47152724826194
47382,37.47152724826194
47383,37.47152724826194
47384,37.47152724826194
47385,37.47152724826194
47386,37.47152724826194
47387,37.47152724826194
47388,37.47152724826194
47438,37.47152724826194
47439,37.47152724826194
47440,37.47152724826194
47441,37.47152724826194
47442,37.47152724826194
47443,37.47152724826194
47444,37.47152724826194
47445,37.47152724826194
47446,37.47152724826194
47452,37.47152724826194
47453,37.47152724826194
47454,37.47152724826194
47455,37.47152724826194
47456,37.47152724826194
47457,37.47152724826194
47458,37.47152724826194
47459,37.47152724826194
47460,37.47152724826194
47461,37.47152724826194
47462,37.47152724826194
47463,37.47152724826194
47464,37.47152724826194
47465,37.47152724826194
47466,37.47152724826194
47467,37.47152724826194
47468,37.47152724826194
47469,37.47152724826194
47470,37.47152724826194
47490,37.47152724826194
47491,37.47152724826194
47492,37.47152724826194
47493,37.47152724826194
47494,37.47152724826194
47511,37.47152724826194
47512,37.47152724826194
47513,37.47152724826194
47514,37.47152724826194
47530,37.47152724826194
47531,37.47152724826194
47532,37.47152724826194
47533,37.47152724826194
47534,37.47152724826194
47535,37.47152724826194
47536,37.47152724826194
47537,37.47152724826194
47538,37.47152724826194
47539,37.47152724826194
47540,37.47152724826194
47541,37.47152724826194
47551,37.47152724826194
47552,37.47152724826194
47553,37.47152724826194
47554,37.47152724826194
47555,37.47152724826194
47556,37.47152724826194
47586,37.47152724826194
47587,37.47152724826194
47588,37.47152724826194
47589,37.47152724826194
47590,37.47152724826194
47591,37.47152724826194
47592,37.47152724826194
47593,37.47152724826194
47594,37.47152724826194
47595,37.47152724826194
47596,37.47152724826194
47597,37.47152724826194
47598,37.47152724826194
47599,37.47152724826194
47600,37.47152724826194
47601,37.47152724826194
47628,37.47152724826194
47629,37.47152724826194
47630,37.47152724826194
47631,37.47152724826194
47638,37.47152724826194
47639,37.47152724826194
47640,37.47152724826194
47641,37.47152724826194
47642,37.47152724826194
47643,37.47152724826194
47644,37.47152724826194
47645,37.47152724826194
47646,37.47152724826194
47647,37.47152724826194
47648,37.47152724826194
47649,37.47152724826194
47697,37.47152724826194
47698,37.47152724826194
47699,37.47152724826194
47700,37.47152724826194
47701,37.47152724826194
47702,37.47152724826194
47703,37.47152724826194
47704,37.47152724826194
47719,37.47152724826194
47720,37.47152724826194
47721,37.47152724826194
47722,37.47152724826194
47723,37.47152724826194
47724,37.47152724826194
47725,37.47152724826194
47726,37.47152724826194
47727,37.47152724826194
47728,37.47152724826194
47729,37.47152724826194
47730,37.47152724826194
47731,37.47152724826194
47732,37.47152724826194
47733,37.47152724826194
47734,37.47152724826194
47735,37.47152724826194
47736,37.47152724826194
47737,37.47152724826194
47738,37.47152724826194
47739,37.47152724826194
47740,37.47152724826194
47741,37.47152724826194
47742,37.47152724826194
47743,37.47152724826194
47744,37.47152724826194
47745,37.47152724826194
47746,37.47152724826194
47747,37.47152724826194
47748,37.47152724826194
47749,37.47152724826194
47800,37.47152724826194
47801,37.47152724826194
47802,37.47152724826194
47803,37.47152724826194
47804,37.47152724826194
47879,37.47152724826194
47880,37.47152724826194
47881,37.47152724826194
47882,37.47152724826194
47895,37.47152724826194
47896,37.47152724826194
47897,37.47152724826194
47898,37.47152724826194
47899,37.47152724826194
47900,37.47152724826194
47901,37.47152724826194
47902,37.47152724826194
47903,37.47152724826194
47904,37.47152724826194
47905,37.47152724826194
47906,37.47152724826194
48043,37.47152724826194
48044,37.47152724826194
48045,37.47152724826194
48046,37.47152724826194
48047,37.47152724826194
48048,37.47152724826194
48049,37.47152724826194
48050,37.47152724826194
48051,37.47152724826194
48052,37.47152724826194
48053,37.47152724826194
48054,37.47152724826194
48055,37.47152724826194
48056,37.47152724826194
48057,37.47152724826194
48058,37.47152724826194
48059,37.47152724826194
48060,37.47152724826194
48061,37.47152724826194
48062,37.47152724826194
48063,37.47152724826194
48064,37.47152724826194
48065,37.47152724826194
48066,37.47152724826194
48067,37.47152724826194
48068,37.47152724826194
48069,37.47152724826194
48070,37.47152724826194
48071,37.47152724826194
48072,37.47152724826194
48073,37.47152724826194
48074,37.47152724826194
48075,37.47152724826194
48076,37.47152724826194
48077,37.47152724826194
48078,37.47152724826194
48079,37.47152724826194
48085,37.47152724826194
48086,37.47152724826194
48087,37.47152724826194
48088,37.47152724826194
48089,37.47152724826194
48090,37.47152724826194
48091,37.47152724826194
48092,37.47152724826194
48093,37.47152724826194
48094,37.47152724826194
48095,37.47152724826194
48096,37.47152724826194
48097,37.47152724826194
48098,37.47152724826194
48099,37.47152724826194
48100,37.47152724826194
48101,37.47152724826194
48102,37.47152724826194
48128,37.47152724826194
48129,37.47152724826194
48130,37.47152724826194
48131,37.47152724826194
48132,37.47152724826194
48133,37.47152724826194
48134,37.47152724826194
48135,37.47152724826194
48136,37.47152724826194
48137,37.47152724826194
48138,37.47152724826194
48139,37.47152724826194
48212,37.47152724826194
48213,37.47152724826194
48214,37.47152724826194
48215,37.47152724826194
48216,37.47152724826194
48217,37.47152724826194
48218,37.47152724826194
48219,37.47152724826194
48220,37.47152724826194
48221,37.47152724826194
48222,37.47152724826194
48228,37.47152724826194
48229,37.47152724826194
48230,37.47152724826194
48231,37.47152724826194
48244,37.47152724826194
48245,37.47152724826194
48246,37.47152724826194
48247,37.47152724826194
48248,37.47152724826194
48249,37.47152724826194
48250,37.47152724826194
48251,37.47152724826194
48252,37.47152724826194
48253,37.47152724826194
48254,37.47152724826194
48255,37.47152724826194
48256,37.47152724826194
48257,37.47152724826194
48258,37.47152724826194
48259,37.47152724826194
48272,37.47152724826194
48273,37.47152724826194
48274,37.47152724826194
48275,37.47152724826194
48276,37.47152724826194
48277,37.47152724826194
48278,37.47152724826194
48394,37.47152724826194
48395,37.47152724826194
48396,37.47152724826194
48397,37.47152724826194
48398,37.47152724826194
48399,37.47152724826194
48400,37.47152724826194
48401,37.47152724826194
48402,37.47152724826194
48403,37.47152724826194
48404,37.47152724826194
48405,37.47152724826194
48406,37.47152724826194
48407,37.47152724826194
48408,37.47152724826194
48409,37.47152724826194
48410,37.47152724826194
48411,37.47152724826194
48412,37.47152724826194
48413,37.47152724826194
48414,37.47152724826194
48415,37.47152724826194
48416,37.47152724826194
48417,37.47152724826194
48418,37.47152724826194
48419,37.47152724826194
48420,37.47152724826194
48421,37.47152724826194
48422,37.47152724826194
48423,37.47152724826194
48424,37.47152724826194
48425,37.47152724826194
48426,37.47152724826194
48427,37.47152724826194
48428,37.47152724826194
48429,37.47152724826194
48430,37.47152724826194
48431,37.47152724826194
48432,37.47152724826194
48433,37.47152724826194
48434,37.47152724826194
48435,37.47152724826194
48436,37.47152724826194
48437,37.47152724826194
48438,37.47152724826194
48439,37.47152724826194
48475,37.47152724826194
48476,37.47152724826194
48477,37.47152724826194
48478,37.47152724826194
48479,37.47152724826194
48480,37.47152724826194
48481,37.47152724826194
48482,37.47152724826194
48483,37.47152724826194
48484,37.47152724826194
48512,37.47152724826194
48513,37.47152724826194
48514,37.47152724826194
48515,37.47152724826194
48516,37.47152724826194
48517,37.47152724826194
48518,37.47152724826194
48519,37.47152724826194
48520,37.47152724826194
48521,37.47152724826194
48522,37.47152724826194
48523,37.47152724826194
48528,37.47152724826194
48529,37.47152724826194
48530,37.47152724826194
48531,37.47152724826194
48532,37.47152724826194
48533,37.47152724826194
48534,37.47152724826194
48535,37.47152724826194
48536,37.47152724826194
48537,37.47152724826194
48538,37.47152724826194
48539,37.47152724826194
48610,37.47152724826194
48611,37.47152724826194
48612,37.47152724826194
48613,37.47152724826194
48614,37.47152724826194
48615,37.47152724826194
48653,37.47152724826194
48654,37.47152724826194
48655,37.47152724826194
48656,37.47152724826194
48662,37.47152724826194
48663,37.47152724826194
48664,37.47152724826194
48665,37.47152724826194
48666,37.47152724826194
48667,37.47152724826194
48668,37.47152724826194
48669,37.47152724826194
48704,37.47152724826194
48705,37.47152724826194
48706,37.47152724826194
48707,37.47152724826194
48736,37.47152724826194
48737,37.47152724826194
48738,37.47152724826194
48739,37.47152724826194
48740,37.47152724826194
48741,37.47152724826194
48742,37.47152724826194
48743,37.47152724826194
48744,37.47152724826194
48745,37.47152724826194
48746,37.47152724826194
48747,37.47152724826194
48748,37.47152724826194
48749,37.47152724826194
48750,37.47152724826194
48751,37.47152724826194
48752,37.47152724826194
48753,37.47152724826194
48754,37.47152724826194
48755,37.47152724826194
48756,37.47152724826194
48768,37.47152724826194
48769,37.47152724826194
48770,37.47152724826194
48771,37.47152724826194
48772,37.47152724826194
48773,37.47152724826194
48774,37.47152724826194
48775,37.47152724826194
48776,37.47152724826194
48777,37.47152724826194
48778,37.47152724826194
48779,37.47152724826194
48828,37.47152724826194
48829,37.47152724826194
48830,37.47152724826194
48831,37.47152724826194
48832,37.47152724826194
48833,37.47152724826194
48834,37.47152724826194
48835,37.47152724826194
48836,37.47152724826194
48861,37.47152724826194
48862,37.47152724826194
48863,37.47152724826194
48864,37.47152724826194
48865,37.47152724826194
48871,37.47152724826194
48872,37.47152724826194
48873,37.47152724826194
48874,37.47152724826194
48875,37.47152724826194
48897,37.47152724826194
48898,37.47152724826194
48899,37.47152724826194
48900,37.47152724826194
48901,37.47152724826194
48902,37.47152724826194
48903,37.47152724826194
48904,37.47152724826194
48905,37.47152724826194
48906,37.47152724826194
48907,37.47152724826194
48908,37.47152724826194
48918,37.47152724826194
48919,37.47152724826194
48920,37.47152724826194
48921,37.47152724826194
49051,37.47152724826194
49052,37.47152724826194
49053,37.47152724826194
49054,37.47152724826194
49055,37.47152724826194
49056,37.47152724826194
49057,37.47152724826194
49058,37.47152724826194
49059,37.47152724826194
49060,37.47152724826194
49061,37.47152724826194
49062,37.47152724826194
49063,37.47152724826194
49064,37.47152724826194
49065,37.47152724826194
49072,37.47152724826194
49073,37.47152724826194
49074,37.47152724826194
49075,37.47152724826194
49102,37.47152724826194
49103,37.47152724826194
49104,37.47152724826194
49105,37.47152724826194
49106,37.47152724826194
49107,37.47152724826194
49108,37.47152724826194
49109,37.47152724826194
49110,37.47152724826194
49111,37.47152724826194
49112,37.47152724826194
49113,37.47152724826194
49126,37.47152724826194
49127,37.47152724826194
49128,37.47152724826194
49129,37.47152724826194
49130,37.47152724826194
49131,37.47152724826194
49132,37.47152724826194
49133,37.47152724826194
49134,37.47152724826194
49135,37.47152724826194
49136,37.47152724826194
49190,37.47152724826194
49191,37.47152724826194
49192,37.47152724826194
49193,37.47152724826194
49194,37.47152724826194
49195,37.47152724826194
49196,37.47152724826194
49197,37.47152724826194
49198,37.47152724826194
49199,37.47152724826194
49200,37.47152724826194
49201,37.47152724826194
49212,37.47152724826194
49213,37.47152724826194
49214,37.47152724826194
49215,37.47152724826194
49216,37.47152724826194
49217,37.47152724826194
49218,37.47152724826194
49219,37.47152724826194
49220,37.47152724826194
49221,37.47152724826194
49230,37.47152724826194
49231,37.47152724826194
49232,37.47152724826194
49233,37.47152724826194
49234,37.47152724826194
49270,37.47152724826194
49271,37.47152724826194
49272,37.47152724826194
49273,37.47152724826194
49291,37.47152724826194
49292,37.47152724826194
49293,37.47152724826194
49294,37.47152724826194
49342,37.47152724826194
49343,37.47152724826194
49344,37.47152724826194
49345,37.47152724826194
49346,37.47152724826194
49398,37.47152724826194
49399,37.47152724826194
49400,37.47152724826194
49401,37.47152724826194
49402,37.47152724826194
49403,37.47152724826194
49404,37.47152724826194
49405,37.47152724826194
49406,37.47152724826194
49407,37.47152724826194
49408,37.47152724826194
49417,37.47152724826194
49418,37.47152724826194
49419,37.47152724826194
49420,37.47152724826194
49421,37.47152724826194
49422,37.47152724826194
49423,37.47152724826194
49424,37.47152724826194
49425,37.47152724826194
49426,37.47152724826194
49427,37.47152724826194
49428,37.47152724826194
49429,37.47152724826194
49430,37.47152724826194
49431,37.47152724826194
49432,37.47152724826194
49433,37.47152724826194
49434,37.47152724826194
49435,37.47152724826194
49436,37.47152724826194
49457,37.47152724826194
49458,37.47152724826194
49459,37.47152724826194
49460,37.47152724826194
49485,37.47152724826194
49486,37.47152724826194
49487,37.47152724826194
49488,37.47152724826194
49489,37.47152724826194
49490,37.47152724826194
49491,37.47152724826194
49492,37.47152724826194
49493,37.47152724826194
49494,37.47152724826194
49495,37.47152724826194
49496,37.47152724826194
49497,37.47152724826194
49498,37.47152724826194
49499,37.47152724826194
49500,37.47152724826194
49501,37.47152724826194
49502,37.47152724826194
49503,37.47152724826194
49504,37.47152724826194
49505,37.47152724826194
49506,37.47152724826194
49507,37.47152724826194
49508,37.47152724826194
49585,37.47152724826194
49586,37.47152724826194
49587,37.47152724826194
49588,37.47152724826194
49589,37.47152724826194
49590,37.47152724826194
49591,37.47152724826194
49592,37.47152724826194
49593,37.47152724826194
49594,37.47152724826194
49595,37.47152724826194
49596,37.47152724826194
49647,37.47152724826194
49648,37.47152724826194
49649,37.47152724826194
49650,37.47152724826194
49651,37.47152724826194
49712,37.47152724826194
49713,37.47152724826194
49714,37.47152724826194
49715,37.47152724826194
49716,37.47152724826194
49717,37.47152724826194
49718,37.47152724826194
49719,37.47152724826194
49720,37.47152724826194
49721,37.47152724826194
49722,37.47152724826194
49723,37.47152724826194
49770,37.47152724826194
49771,37.47152724826194
49772,37.47152724826194
49773,37.47152724826194
49774,37.47152724826194
49775,37.47152724826194
49815,37.47152724826194
49816,37.47152724826194
49817,37.47152724826194
49818,37.47152724826194
49897,37.47152724826194
49898,37.47152724826194
49899,37.47152724826194
49900,37.47152724826194
49901,37.47152724826194
49902,37.47152724826194
49903,37.47152724826194
49904,37.47152724826194
50004,37.47152724826194
50005,37.47152724826194
50006,37.47152724826194
50007,37.47152724826194
50032,37.47152724826194
50033,37.47152724826194
50034,37.47152724826194
50035,37.47152724826194
50036,37.47152724826194
50037,37.47152724826194
50038,37.47152724826194
50039,37.47152724826194
50040,37.47152724826194
50041,37.47152724826194
50042,37.47152724826194
50043,37.47152724826194
50044,37.47152724826194
50045,37.47152724826194
50046,37.47152724826194
50047,37.47152724826194
50096,37.47152724826194
50097,37.47152724826194
50098,37.47152724826194
50099,37.47152724826194
50100,37.47152724826194
50223,37.47152724826194
50224,37.47152724826194
50225,37.47152724826194
50226,37.47152724826194
50227,37.47152724826194
50288,37.47152724826194
50289,37.47152724826194
50290,37.47152724826194
50291,37.47152724826194
50292,37.47152724826194
50302,37.47152724826194
50303,37.47152724826194
50304,37.47152724826194
50305,37.47152724826194
50306,37.47152724826194
50307,37.47152724826194
50308,37.47152724826194
50309,37.47152724826194
50310,37.47152724826194
50311,37.47152724826194
50312,37.47152724826194
50359,37.47152724826194
50360,37.47152724826194
50361,37.47152724826194
50362,37.47152724826194
50363,37.47152724826194
50364,37.47152724826194
50365,37.47152724826194
50366,37.47152724826194
50407,37.47152724826194
50408,37.47152724826194
50409,37.47152724826194
50410,37.47152724826194
50411,37.47152724826194
50412,37.47152724826194
50413,37.47152724826194
50414,37.47152724826194
50415,37.47152724826194
50416,37.47152724826194
50417,37.47152724826194
50418,37.47152724826194
50457,37.47152724826194
50458,37.47152724826194
50459,37.47152724826194
50460,37.47152724826194
50507,37.47152724826194
50508,37.47152724826194
50509,37.47152724826194
50510,37.47152724826194
50511,37.47152724826194
50512,37.47152724826194
50513,37.47152724826194
50514,37.47152724826194
50515,37.47152724826194
50516,37.47152724826194
50517,37.47152724826194
50518,37.47152724826194
50519,37.47152724826194
50520,37.47152724826194
50521,37.47152724826194
50522,37.47152724826194
50558,37.47152724826194
50559,37.47152724826194
50560,37.47152724826194
50561,37.47152724826194
50635,37.47152724826194
50636,37.47152724826194
50637,37.47152724826194
50638,37.47152724826194
50639,37.47152724826194
50640,37.47152724826194
50641,37.47152724826194
50642,37.47152724826194
50643,37.47152724826194
50644,37.47152724826194
50645,37.47152724826194
50646,37.47152724826194
50656,37.47152724826194
50657,37.47152724826194
50658,37.47152724826194
50659,37.47152724826194
50660,37.47152724826194
50661,37.47152724826194
50662,37.47152724826194
50663,37.47152724826194
50664,37.47152724826194
50665,37.47152724826194
50666,37.47152724826194
50667,37.47152724826194
50668,37.47152724826194
50669,37.47152724826194
50670,37.47152724826194
50671,37.47152724826194
50686,37.47152724826194
50687,37.47152724826194
50688,37.47152724826194
50689,37.47152724826194
50735,37.47152724826194
50736,37.47152724826194
50737,37.47152724826194
50738,37.47152724826194
50739,37.47152724826194
50740,37.47152724826194
50741,37.47152724826194
50742,37.47152724826194
50743,37.47152724826194
50744,37.47152724826194
50745,37.47152724826194
50746,37.47152724826194
50752,37.47152724826194
50753,37.47152724826194
50754,37.47152724826194
50755,37.47152724826194
50756,37.47152724826194
50757,37.47152724826194
50758,37.47152724826194
50759,37.47152724826194
50760,37.47152724826194
50761,37.47152724826194
50762,37.47152724826194
50763,37.47152724826194
50768,37.47152724826194
50769,37.47152724826194
50770,37.47152724826194
50771,37.47152724826194
50772,37.47152724826194
50773,37.47152724826194
50774,37.47152724826194
50775,37.47152724826194
50776,37.47152724826194
50777,37.47152724826194
50778,37.47152724826194
50779,37.47152724826194
50792,37.47152724826194
50793,37.47152724826194
50794,37.47152724826194
50795,37.47152724826194
50796,37.47152724826194
50818,37.47152724826194
50819,37.47152724826194
50820,37.47152724826194
50821,37.47152724826194
50822,37.47152724826194
50823,37.47152724826194
50824,37.47152724826194
50825,37.47152724826194
50826,37.47152724826194
50827,37.47152724826194
50828,37.47152724826194
50829,37.47152724826194
50848,37.47152724826194
50849,37.47152724826194
50850,37.47152724826194
50851,37.47152724826194
50852,37.47152724826194
50853,37.47152724826194
50854,37.47152724826194
50855,37.47152724826194
50856,37.47152724826194
50857,37.47152724826194
50858,37.47152724826194
50859,37.47152724826194
50860,37.47152724826194
50861,37.47152724826194
50862,37.47152724826194
50863,37.47152724826194
50864,37.47152724826194
50865,37.47152724826194
50866,37.47152724826194
50867,37.47152724826194
50868,37.47152724826194
50869,37.47152724826194
50870,37.47152724826194
50871,37.47152724826194
50890,37.47152724826194
50891,37.47152724826194
50892,37.47152724826194
50893,37.47152724826194
50894,37.47152724826194
50895,37.47152724826194
50896,37.47152724826194
50897,37.47152724826194
50898,37.47152724826194
50899,37.47152724826194
50900,37.47152724826194
50901,37.47152724826194
51021,37.47152724826194
51022,37.47152724826194
51023,37.47152724826194
51024,37.47152724826194
51025,37.47152724826194
51026,37.47152724826194
51027,37.47152724826194
51028,37.47152724826194
51029,37.47152724826194
51030,37.47152724826194
51031,37.47152724826194
51032,37.47152724826194
51088,37.47152724826194
51089,37.47152724826194
51090,37.47152724826194
51091,37.47152724826194
51111,37.47152724826194
51112,37.47152724826194
51113,37.47152724826194
51114,37.47152724826194
51122,37.47152724826194
51123,37.47152724826194
51124,37.47152724826194
51125,37.47152724826194
51192,37.47152724826194
51193,37.47152724826194
51194,37.47152724826194
51195,37.47152724826194
51204,37.47152724826194
51205,37.47152724826194
51206,37.47152724826194
51207,37.47152724826194
51208,37.47152724826194
51209,37.47152724826194
51210,37.47152724826194
51211,37.47152724826194
51212,37.47152724826194
51213,37.47152724826194
51214,37.47152724826194
51215,37.47152724826194
51221,37.47152724826194
51222,37.47152724826194
51223,37.47152724826194
51224,37.47152724826194
51225,37.47152724826194
51226,37.47152724826194
51227,37.47152724826194
51228,37.47152724826194
51229,37.47152724826194
51230,37.47152724826194
51231,37.47152724826194
51232,37.47152724826194
51334,37.47152724826194
51335,37.47152724826194
51336,37.47152724826194
51337,37.47152724826194
51338,37.47152724826194
51339,37.47152724826194
51340,37.47152724826194
51341,37.47152724826194
51342,37.47152724826194
51343,37.47152724826194
51344,37.47152724826194
51345,37.47152724826194
51400,37.47152724826194
51401,37.47152724826194
51402,37.47152724826194
51403,37.47152724826194
51404,37.47152724826194
51405,37.47152724826194
51406,37.47152724826194
51479,37.47152724826194
51480,37.47152724826194
51481,37.47152724826194
51482,37.47152724826194
51541,37.47152724826194
51542,37.47152724826194
51543,37.47152724826194
51544,37.47152724826194
51545,37.47152724826194
51546,37.47152724826194
51547,37.47152724826194
51548,37.47152724826194
51549,37.47152724826194
51550,37.47152724826194
51551,37.47152724826194
51552,37.47152724826194
51577,37.47152724826194
51578,37.47152724826194
51579,37.47152724826194
51580,37.47152724826194
51581,37.47152724826194
51582,37.47152724826194
51583,37.47152724826194
51584,37.47152724826194
51585,37.47152724826194
51586,37.47152724826194
51587,37.47152724826194
51616,37.47152724826194
51617,37.47152724826194
51618,37.47152724826194
51619,37.47152724826194
51620,37.47152724826194
51621,37.47152724826194
51622,37.47152724826194
51623,37.47152724826194
51624,37.47152724826194
51625,37.47152724826194
51626,37.47152724826194
51627,37.47152724826194
51674,37.47152724826194
51675,37.47152724826194
51676,37.47152724826194
51677,37.47152724826194
51678,37.47152724826194
51679,37.47152724826194
51680,37.47152724826194
51681,37.47152724826194
51682,37.47152724826194
51683,37.47152724826194
51684,37.47152724826194
51685,37.47152724826194
51702,37.47152724826194
51703,37.47152724826194
51704,37.47152724826194
51705,37.47152724826194
51706,37.47152724826194
51707,37.47152724826194
51708,37.47152724826194
51709,37.47152724826194
51710,37.47152724826194
51711,37.47152724826194
51712,37.47152724826194
51713,37.47152724826194
51718,37.47152724826194
51719,37.47152724826194
51720,37.47152724826194
51721,37.47152724826194
51722,37.47152724826194
51723,37.47152724826194
51724,37.47152724826194
51725,37.47152724826194
51726,37.47152724826194
51727,37.47152724826194
51728,37.47152724826194
51729,37.47152724826194
51730,37.47152724826194
51731,37.47152724826194
51732,37.47152724826194
51733,37.47152724826194
51734,37.47152724826194
51735,37.47152724826194
51736,37.47152724826194
51737,37.47152724826194
51738,37.47152724826194
51739,37.47152724826194
51740,37.47152724826194
51741,37.47152724826194
51747,37.47152724826194
51748,37.47152724826194
51749,37.47152724826194
51750,37.47152724826194
51751,37.47152724826194
51752,37.47152724826194
51792,37.47152724826194
51793,37.47152724826194
51794,37.47152724826194
51795,37.47152724826194
51796,37.47152724826194
51797,37.47152724826194
51798,37.47152724826194
51799,37.47152724826194
51800,37.47152724826194
51801,37.47152724826194
51802,37.47152724826194
51803,37.47152724826194
51812,37.47152724826194
51813,37.47152724826194
51814,37.47152724826194
51815,37.47152724826194
51833,37.47152724826194
51834,37.47152724826194
51835,37.47152724826194
51836,37.47152724826194
51837,37.47152724826194
51838,37.47152724826194
51839,37.47152724826194
51840,37.47152724826194
51841,37.47152724826194
51842,37.47152724826194
51843,37.47152724826194
51844,37.47152724826194
51845,37.47152724826194
51846,37.47152724826194
51847,37.47152724826194
51848,37.47152724826194
51849,37.47152724826194
51850,37.47152724826194
51851,37.47152724826194
51864,37.47152724826194
51865,37.47152724826194
51866,37.47152724826194
51867,37.47152724826194
51868,37.47152724826194
51869,37.47152724826194
51870,37.47152724826194
51871,37.47152724826194
51872,37.47152724826194
51873,37.47152724826194
51874,37.47152724826194
51875,37.47152724826194
51891,37.47152724826194
51892,37.47152724826194
51893,37.47152724826194
51894,37.47152724826194
51921,37.47152724826194
51922,37.47152724826194
51923,37.47152724826194
51924,37.47152724826194
51925,37.47152724826194
51926,37.47152724826194
51927,37.47152724826194
51928,37.47152724826194
51929,37.47152724826194
51930,37.47152724826194
51931,37.47152724826194
51932,37.47152724826194
51937,37.47152724826194
51938,37.47152724826194
51939,37.47152724826194
51940,37.47152724826194
51941,37.47152724826194
51942,37.47152724826194
52202,37.47152724826194
52203,37.47152724826194
52204,37.47152724826194
52205,37.47152724826194
52206,37.47152724826194
52207,37.47152724826194
52208,37.47152724826194
52209,37.47152724826194
52333,37.47152724826194
52334,37.47152724826194
52335,37.47152724826194
52336,37.47152724826194
52359,37.47152724826194
52360,37.47152724826194
52361,37.47152724826194
52362,37.47152724826194
52363,37.47152724826194
52364,37.47152724826194
52365,37.47152724826194
52366,37.47152724826194
52367,37.47152724826194
52368,37.47152724826194
52369,37.47152724826194
52370,37.47152724826194
52377,37.47152724826194
52378,37.47152724826194
52379,37.47152724826194
52380,37.47152724826194
52381,37.47152724826194
52382,37.47152724826194
52383,37.47152724826194
52384,37.47152724826194
52385,37.47152724826194
52386,37.47152724826194
52387,37.47152724826194
52388,37.47152724826194
52413,37.47152724826194
52414,37.47152724826194
52415,37.47152724826194
52416,37.47152724826194
52417,37.47152724826194
52418,37.47152724826194
52419,37.47152724826194
52420,37.47152724826194
52421,37.47152724826194
52422,37.47152724826194
52423,37.47152724826194
52424,37.47152724826194
52425,37.47152724826194
52499,37.47152724826194
52500,37.47152724826194
52501,37.47152724826194
52502,37.47152724826194
52515,37.47152724826194
52516,37.47152724826194
52517,37.47152724826194
52518,37.47152724826194
52524,37.47152724826194
52525,37.47152724826194
52526,37.47152724826194
52527,37.47152724826194
52587,37.47152724826194
52588,37.47152724826194
52589,37.47152724826194
52590,37.47152724826194
52591,37.47152724826194
52592,37.47152724826194
52593,37.47152724826194
52594,37.47152724826194
52595,37.47152724826194
52614,37.47152724826194
52615,37.47152724826194
52616,37.47152724826194
52617,37.47152724826194
52657,37.47152724826194
52658,37.47152724826194
52659,37.47152724826194
52660,37.47152724826194
52661,37.47152724826194
52662,37.47152724826194
52663,37.47152724826194
52664,37.47152724826194
52719,37.47152724826194
52720,37.47152724826194
52721,37.47152724826194
52722,37.47152724826194
52723,37.47152724826194
52724,37.47152724826194
52725,37.47152724826194
52726,37.47152724826194
52727,37.47152724826194
52728,37.47152724826194
52729,37.47152724826194
52730,37.47152724826194
52753,37.47152724826194
52754,37.47152724826194
52755,37.47152724826194
52756,37.47152724826194
52757,37.47152724826194
52758,37.47152724826194
52759,37.47152724826194
52760,37.47152724826194
52761,37.47152724826194
52762,37.47152724826194
52763,37.47152724826194
52764,37.47152724826194
52802,37.47152724826194
52803,37.47152724826194
52804,37.47152724826194
52805,37.47152724826194
52806,37.47152724826194
52807,37.47152724826194
52808,37.47152724826194
52809,37.47152724826194
52810,37.47152724826194
52811,37.47152724826194
52812,37.47152724826194
52813,37.47152724826194
52861,37.47152724826194
52862,37.47152724826194
52863,37.47152724826194
52864,37.47152724826194
52865,37.47152724826194
52866,37.47152724826194
52867,37.47152724826194
52868,37.47152724826194
52869,37.47152724826194
52870,37.47152724826194
52871,37.47152724826194
52872,37.47152724826194
52913,37.47152724826194
52914,37.47152724826194
52915,37.47152724826194
52916,37.47152724826194
52917,37.47152724826194
52918,37.47152724826194
52919,37.47152724826194
52920,37.47152724826194
52921,37.47152724826194
52922,37.47152724826194
52923,37.47152724826194
52924,37.47152724826194
52925,37.47152724826194
52926,37.47152724826194
52927,37.47152724826194
52928,37.47152724826194
52929,37.47152724826194
52930,37.47152724826194
52931,37.47152724826194
52932,37.47152724826194
52933,37.47152724826194
52934,37.47152724826194
52955,37.47152724826194
52956,37.47152724826194
52957,37.47152724826194
52958,37.47152724826194
52959,37.47152724826194
52960,37.47152724826194
52961,37.47152724826194
52962,37.47152724826194
52963,37.47152724826194
52964,37.47152724826194
52965,37.47152724826194
52966,37.47152724826194
52998,37.47152724826194
52999,37.47152724826194
53000,37.47152724826194
53001,37.47152724826194
53002,37.47152724826194
53003,37.47152724826194
53004,37.47152724826194
53005,37.47152724826194
53006,37.47152724826194
53007,37.47152724826194
53008,37.47152724826194
53009,37.47152724826194
53010,37.47152724826194
53011,37.47152724826194
53012,37.47152724826194
53013,37.47152724826194
53014,37.47152724826194
53015,37.47152724826194
53016,37.47152724826194
53017,37.47152724826194
53018,37.47152724826194
53019,37.47152724826194
53020,37.47152724826194
53021,37.47152724826194
53022,37.47152724826194
53023,37.47152724826194
53024,37.47152724826194
53025,37.47152724826194
53141,37.47152724826194
53142,37.47152724826194
53143,37.47152724826194
53144,37.47152724826194
53145,37.47152724826194
53150,37.47152724826194
53151,37.47152724826194
53152,37.47152724826194
53153,37.47152724826194
53154,37.47152724826194
53155,37.47152724826194
53156,37.47152724826194
53157,37.47152724826194
53158,37.47152724826194
53159,37.47152724826194
53160,37.47152724826194
53161,37.47152724826194
53162,37.47152724826194
53163,37.47152724826194
53164,37.47152724826194
53165,37.47152724826194
53166,37.47152724826194
53167,37.47152724826194
53168,37.47152724826194
53169,37.47152724826194
53170,37.47152724826194
53171,37.47152724826194
53172,37.47152724826194
53173,37.47152724826194
53174,37.47152724826194
53175,37.47152724826194
53176,37.47152724826194
53177,37.47152724826194
53178,37.47152724826194
53179,37.47152724826194
53180,37.47152724826194
53181,37.47152724826194
53182,37.47152724826194
53183,37.47152724826194
53184,37.47152724826194
53185,37.47152724826194
53186,37.47152724826194
53187,37.47152724826194
53193,37.47152724826194
53194,37.47152724826194
53195,37.47152724826194
53196,37.47152724826194
53197,37.47152724826194
53198,37.47152724826194
53199,37.47152724826194
53200,37.47152724826194
53244,37.47152724826194
53245,37.47152724826194
53246,37.47152724826194
53247,37.47152724826194
53248,37.47152724826194
53281,37.47152724826194
53282,37.47152724826194
53283,37.47152724826194
53284,37.47152724826194
53285,37.47152724826194
53291,37.47152724826194
53292,37.47152724826194
53293,37.47152724826194
53294,37.47152724826194
53295,37.47152724826194
53296,37.47152724826194
53297,37.47152724826194
53298,37.47152724826194
53299,37.47152724826194
53300,37.47152724826194
53301,37.47152724826194
53302,37.47152724826194
53318,37.47152724826194
53319,37.47152724826194
53320,37.47152724826194
53321,37.47152724826194
53322,37.47152724826194
53323,37.47152724826194
53324,37.47152724826194
53430,37.47152724826194
53431,37.47152724826194
53432,37.47152724826194
53433,37.47152724826194
53434,37.47152724826194
53435,37.47152724826194
53436,37.47152724826194
53437,37.47152724826194
53438,37.47152724826194
53439,37.47152724826194
53440,37.47152724826194
53441,37.47152724826194
53442,37.47152724826194
53443,37.47152724826194
53444,37.47152724826194
53445,37.47152724826194
53446,37.47152724826194
53447,37.47152724826194
53448,37.47152724826194
53449,37.47152724826194
53450,37.47152724826194
53451,37.47152724826194
53452,37.47152724826194
53453,37.47152724826194
53483,37.47152724826194
53484,37.47152724826194
53485,37.47152724826194
53486,37.47152724826194
53487,37.47152724826194
53488,37.47152724826194
53489,37.47152724826194
53490,37.47152724826194
53491,37.47152724826194
53492,37.47152724826194
53493,37.47152724826194
53494,37.47152724826194
53527,37.47152724826194
53528,37.47152724826194
53529,37.47152724826194
53530,37.47152724826194
53531,37.47152724826194
53544,37.47152724826194
53545,37.47152724826194
53546,37.47152724826194
53547,37.47152724826194
53589,37.47152724826194
53590,37.47152724826194
53591,37.47152724826194
53592,37.47152724826194
53593,37.47152724826194
53594,37.47152724826194
53595,37.47152724826194
53596,37.47152724826194
53597,37.47152724826194
53598,37.47152724826194
53599,37.47152724826194
53600,37.47152724826194
53651,37.47152724826194
53652,37.47152724826194
53653,37.47152724826194
53654,37.47152724826194
53655,37.47152724826194
53656,37.47152724826194
53657,37.47152724826194
53658,37.47152724826194
53659,37.47152724826194
53660,37.47152724826194
53661,37.47152724826194
53662,37.47152724826194
53663,37.47152724826194
53664,37.47152724826194
53665,37.47152724826194
53666,37.47152724826194
53667,37.47152724826194
53668,37.47152724826194
53669,37.47152724826194
53670,37.47152724826194
53671,37.47152724826194
53672,37.47152724826194
53673,37.47152724826194
53674,37.47152724826194
53675,37.47152724826194
53676,37.47152724826194
53677,37.47152724826194
53678,37.47152724826194
53703,37.47152724826194
53704,37.47152724826194
53705,37.47152724826194
53706,37.47152724826194
53707,37.47152724826194
53720,37.47152724826194
53721,37.47152724826194
53722,37.47152724826194
53723,37.47152724826194
53724,37.47152724826194
53725,37.47152724826194
53726,37.47152724826194
53727,37.47152724826194
53728,37.47152724826194
53729,37.47152724826194
53730,37.47152724826194
53731,37.47152724826194
53732,37.47152724826194
53733,37.47152724826194
53734,37.47152724826194
53735,37.47152724826194
53736,37.47152724826194
53737,37.47152724826194
53738,37.47152724826194
53739,37.47152724826194
53740,37.47152724826194
53741,37.47152724826194
53742,37.47152724826194
53743,37.47152724826194
53794,37.47152724826194
53795,37.47152724826194
53796,37.47152724826194
53797,37.47152724826194
53798,37.47152724826194
53936,37.47152724826194
53937,37.47152724826194
53938,37.47152724826194
53939,37.47152724826194
53940,37.47152724826194
53941,37.47152724826194
53942,37.47152724826194
53943,37.47152724826194
53944,37.47152724826194
53945,37.47152724826194
53946,37.47152724826194
53947,37.47152724826194
53954,37.47152724826194
53955,37.47152724826194
53956,37.47152724826194
53957,37.47152724826194
53958,37.47152724826194
53971,37.47152724826194
53972,37.47152724826194
53973,37.47152724826194
53974,37.47152724826194
53975,37.47152724826194
54001,37.47152724826194
54002,37.47152724826194
54003,37.47152724826194
54004,37.47152724826194
54017,37.47152724826194
54018,37.47152724826194
54019,37.47152724826194
54020,37.47152724826194
54021,37.47152724826194
54022,37.47152724826194
54023,37.47152724826194
54024,37.47152724826194
54025,37.47152724826194
54089,37.47152724826194
54090,37.47152724826194
54091,37.47152724826194
54092,37.47152724826194
54093,37.47152724826194
54094,37.47152724826194
54095,37.47152724826194
54108,37.47152724826194
54109,37.47152724826194
54110,37.47152724826194
54111,37.47152724826194
54120,37.47152724826194
54121,37.47152724826194
54122,37.47152724826194
54123,37.47152724826194
54124,37.47152724826194
54125,37.47152724826194
54131,37.47152724826194
54132,37.47152724826194
54133,37.47152724826194
54134,37.47152724826194
54135,37.47152724826194
54136,37.47152724826194
54137,37.47152724826194
54138,37.47152724826194
54139,37.47152724826194
54140,37.47152724826194
54162,37.47152724826194
54163,37.47152724826194
54164,37.47152724826194
54165,37.47152724826194
54178,37.47152724826194
54179,37.47152724826194
54180,37.47152724826194
54181,37.47152724826194
54182,37.47152724826194
54183,37.47152724826194
54184,37.47152724826194
54185,37.47152724826194
54186,37.47152724826194
54187,37.47152724826194
54188,37.47152724826194
54189,37.47152724826194
54202,37.47152724826194
54203,37.47152724826194
54204,37.47152724826194
54205,37.47152724826194
54206,37.47152724826194
54207,37.47152724826194
54208,37.47152724826194
54209,37.47152724826194
54210,37.47152724826194
54246,37.47152724826194
54247,37.47152724826194
54248,37.47152724826194
54249,37.47152724826194
54250,37.47152724826194
54296,37.47152724826194
54297,37.47152724826194
54298,37.47152724826194
54299,37.47152724826194
54300,37.47152724826194
54301,37.47152724826194
54302,37.47152724826194
54303,37.47152724826194
54304,37.47152724826194
54305,37.47152724826194
54306,37.47152724826194
54307,37.47152724826194
54323,37.47152724826194
54324,37.47152724826194
54325,37.47152724826194
54326,37.47152724826194
54327,37.47152724826194
54328,37.47152724826194
54329,37.47152724826194
54330,37.47152724826194
54388,37.47152724826194
54389,37.47152724826194
54390,37.47152724826194
54391,37.47152724826194
54392,37.47152724826194
54475,37.47152724826194
54476,37.47152724826194
54477,37.47152724826194
54478,37.47152724826194
54479,37.47152724826194
54480,37.47152724826194
54481,37.47152724826194
54482,37.47152724826194
54483,37.47152724826194
54484,37.47152724826194
54485,37.47152724826194
54486,37.47152724826194
54493,37.47152724826194
54494,37.47152724826194
54495,37.47152724826194
54496,37.47152724826194
54549,37.47152724826194
54550,37.47152724826194
54551,37.47152724826194
54552,37.47152724826194
54553,37.47152724826194
54554,37.47152724826194
54555,37.47152724826194
54556,37.47152724826194
54557,37.47152724826194
54558,37.47152724826194
54559,37.47152724826194
54564,37.47152724826194
54565,37.47152724826194
54566,37.47152724826194
54567,37.47152724826194
54659,37.47152724826194
54660,37.47152724826194
54661,37.47152724826194
54662,37.47152724826194
54674,37.47152724826194
54675,37.47152724826194
54676,37.47152724826194
54677,37.47152724826194
54714,37.47152724826194
54715,37.47152724826194
54716,37.47152724826194
54717,37.47152724826194
54718,37.47152724826194
54728,37.47152724826194
54729,37.47152724826194
54730,37.47152724826194
54731,37.47152724826194
54732,37.47152724826194
54785,37.47152724826194
54786,37.47152724826194
54787,37.47152724826194
54788,37.47152724826194
54789,37.47152724826194
54790,37.47152724826194
54791,37.47152724826194
54792,37.47152724826194
54793,37.47152724826194
54794,37.47152724826194
54795,37.47152724826194
54796,37.47152724826194
54797,37.47152724826194
54798,37.47152724826194
54799,37.47152724826194
54800,37.47152724826194
54801,37.47152724826194
54802,37.47152724826194
54851,37.47152724826194
54852,37.47152724826194
54853,37.47152724826194
54854,37.47152724826194
54935,37.47152724826194
54936,37.47152724826194
54937,37.47152724826194
54938,37.47152724826194
54953,37.47152724826194
54954,37.47152724826194
54955,37.47152724826194
54956,37.47152724826194
54957,37.47152724826194
54958,37.47152724826194
54959,37.47152724826194
54960,37.47152724826194
54961,37.47152724826194
54962,37.47152724826194
54963,37.47152724826194
54964,37.47152724826194
55017,37.47152724826194
55018,37.47152724826194
55019,37.47152724826194
55020,37.47152724826194
55021,37.47152724826194
55022,37.47152724826194
55023,37.47152724826194
55024,37.47152724826194
55025,37.47152724826194
55026,37.47152724826194
55027,37.47152724826194
55028,37.47152724826194
55041,37.47152724826194
55042,37.47152724826194
55043,37.47152724826194
55044,37.47152724826194
55045,37.47152724826194
55046,37.47152724826194
55047,37.47152724826194
55048,37.47152724826194
55049,37.47152724826194
55050,37.47152724826194
55051,37.47152724826194
55052,37.47152724826194
55060,37.47152724826194
55061,37.47152724826194
55062,37.47152724826194
55063,37.47152724826194
55095,37.47152724826194
55096,37.47152724826194
55097,37.47152724826194
55098,37.47152724826194
55127,37.47152724826194
55128,37.47152724826194
55129,37.47152724826194
55130,37.47152724826194
55131,37.47152724826194
55132,37.47152724826194
55133,37.47152724826194
55134,37.47152724826194
55135,37.47152724826194
55136,37.47152724826194
55137,37.47152724826194
55138,37.47152724826194
55179,37.47152724826194
55180,37.47152724826194
55181,37.47152724826194
55182,37.47152724826194
55183,37.47152724826194
55184,37.47152724826194
55185,37.47152724826194
55186,37.47152724826194
55187,37.47152724826194
55188,37.47152724826194
55189,37.47152724826194
55190,37.47152724826194
55191,37.47152724826194
55192,37.47152724826194
55193,37.47152724826194
55194,37.47152724826194
55220,37.47152724826194
55221,37.47152724826194
55222,37.47152724826194
55223,37.47152724826194
55224,37.47152724826194
55225,37.47152724826194
55226,37.47152724826194
55227,37.47152724826194
55228,37.47152724826194
55229,37.47152724826194
55230,37.47152724826194
55231,37.47152724826194
55261,37.47152724826194
55262,37.47152724826194
55263,37.47152724826194
55264,37.47152724826194
55265,37.47152724826194
55266,37.47152724826194
55279,37.47152724826194
55280,37.47152724826194
55281,37.47152724826194
55282,37.47152724826194
55283,37.47152724826194
55284,37.47152724826194
55285,37.47152724826194
55286,37.47152724826194
55287,37.47152724826194
55288,37.47152724826194
55289,37.47152724826194
55290,37.47152724826194
55349,37.47152724826194
55350,37.47152724826194
55351,37.47152724826194
55352,37.47152724826194
55353,37.47152724826194
55354,37.47152724826194
55355,37.47152724826194
55356,37.47152724826194
55357,37.47152724826194
55358,37.47152724826194
55359,37.47152724826194
55360,37.47152724826194
55517,37.47152724826194
55518,37.47152724826194
55519,37.47152724826194
55520,37.47152724826194
55521,37.47152724826194
55522,37.47152724826194
55523,37.47152724826194
55524,37.47152724826194
55525,37.47152724826194
55548,37.47152724826194
55549,37.47152724826194
55550,37.47152724826194
55551,37.47152724826194
